t_s,seq,ax,ay,az,gx,gy,gz
374518.921793,408,-0.17300000000000001,0.08600000000000001,1.06,0.91,-4.55,1.47
374519.101803,410,-0.184,0.091,1.074,0.0,-3.85,1.54
374519.279696,412,-0.181,0.079,1.06,-1.75,-7.91,2.17
374519.579756,414,-0.17200000000000001,0.067,1.078,0.14,-5.32,-0.56
374519.759616,417,-0.162,0.06,1.068,1.33,-3.99,-0.07
374519.939766,419,-0.169,0.078,1.073,-0.28,-4.0600000000000005,2.31
374520.120245,421,-0.159,0.051000000000000004,1.065,-3.29,-7.7700000000000005,2.17
374520.301033,423,-0.17,0.014,1.026,1.8900000000000001,-5.53,-2.8000000000000003
374520.480194,425,-0.111,0.024,1.075,1.96,-1.61,-1.68
374520.659948,427,-0.187,0.017,1.038,2.45,3.71,-1.61
374520.840008,429,-0.128,0.014,1.098,-3.43,-5.11,6.93
374521.019770,431,-0.17200000000000001,0.049,1.048,2.45,0.21,3.15
374521.200082,433,-0.193,0.058,1.038,-0.42,-10.57,0.0
374521.380784,435,-0.12,0.07,1.058,-0.84,-22.82,2.17
374521.561499,437,-0.07200000000000001,0.081,1.083,11.97,-10.71,3.29
374521.740226,439,0.035,0.016,1.057,-14.63,-42.07,3.0100000000000002
374521.920040,441,-0.14200000000000002,-0.23900000000000002,0.903,22.47,35.7,42.42
374522.100519,443,-0.029,-0.112,1.034,-13.72,24.080000000000002,7.7700000000000005
374522.280649,445,-0.092,-0.017,1.085,4.76,-12.46,6.37
374522.459956,447,-0.059000000000000004,0.029,1.049,107.24000000000001,-7.84,12.39
374522.639971,449,-0.068,0.357,1.035,109.06,1.68,9.870000000000001
374522.819979,451,-0.042,0.5700000000000001,0.852,86.66,-7.140000000000001,11.27
374522.999950,453,-0.047,0.857,0.6910000000000001,87.64,2.24,2.87
374523.180725,455,-0.059000000000000004,0.929,0.46,73.92,-10.290000000000001,-2.94
374523.359925,457,-0.035,0.976,0.23900000000000002,69.72,-2.31,4.62
374523.540065,459,-0.022,1.0090000000000001,0.038,53.2,-2.31,2.87
374523.719828,461,-0.025,1.0170000000000001,-0.027,-0.28,0.0,2.52
374523.899690,463,-0.031,1.0170000000000001,-0.028,0.91,-5.46,0.35000000000000003
374524.080419,465,-0.037,1.004,-0.017,3.15,-4.34,1.61
374524.259776,467,-0.027,1.0010000000000001,0.003,-0.49,-5.04,-0.56
374524.439941,469,-0.043000000000000003,1.016,0.003,2.17,-3.29,0.77
374524.619753,471,-0.031,1.01,0.001,-16.240000000000002,-1.4000000000000001,-0.14
374524.799594,473,-0.036000000000000004,0.98,0.335,-149.03,-5.32,-5.04
374525.040051,476,-0.024,0.637,0.888,-87.08,-8.47,0.91
374525.339758,479,-0.028,0.14,1.049,-110.67,-1.33,-8.05
374525.519591,481,-0.039,-0.025,1.069,-41.51,-2.66,0.77
374525.699644,483,-0.036000000000000004,-0.083,1.106,6.72,-6.3,1.19
374525.880305,485,-0.002,-0.051000000000000004,1.07,5.04,-4.76,2.45
374526.060456,487,-0.039,-0.035,1.097,-2.8000000000000003,5.25,-1.47
374526.240015,489,-0.026000000000000002,-0.052000000000000005,1.09,-1.33,-4.13,1.26
374526.419819,491,0.041,-0.057,1.069,3.29,-96.32000000000001,-9.8
374526.599570,493,0.462,-0.041,1.0110000000000001,9.73,-119.0,6.0200000000000005
374526.780565,495,0.72,-0.053,0.714,5.8100000000000005,-123.34,12.39
374526.961005,497,0.9480000000000001,-0.121,0.425,0.98,-90.44,24.85
374527.142015,499,0.9500000000000001,-0.122,0.17400000000000002,-11.41,-59.57,11.620000000000001
374527.320208,501,0.976,-0.178,0.005,-1.54,-25.62,-1.54
374527.499971,503,0.988,-0.14400000000000002,0.005,3.71,8.82,-5.46
374527.680370,505,0.984,-0.11800000000000001,0.049,0.49,-2.73,0.98
374527.860474,507,0.997,-0.133,0.048,0.28,-2.0300000000000002,2.94
374528.039842,509,0.968,-0.155,0.041,2.1,-2.94,0.91
374528.220019,511,0.984,-0.153,0.036000000000000004,1.75,-7.140000000000001,1.05
374528.399840,513,0.9500000000000001,-0.169,-0.016,12.39,20.580000000000002,-6.93
374528.580305,515,0.885,-0.025,0.5710000000000001,24.57,282.66,-50.68
374528.760151,517,0.299,0.008,1.024,-11.48,148.89000000000001,-11.41
374528.939897,519,-0.019,-0.096,1.051,-2.1,44.38,10.64
374529.119912,521,-0.035,-0.055,1.082,6.0200000000000005,-7.0,2.52
374529.299949,523,-0.038,-0.047,1.056,-4.97,-4.9,-8.82
374529.480073,525,-0.008,0.015,1.091,1.75,-11.41,-0.35000000000000003
374529.660342,527,-0.012,0.006,1.127,0.63,-25.27,12.81
374529.839646,529,-0.049,0.0,1.149,-141.82,13.72,-2.45
374530.019822,531,-0.06,-0.747,0.8220000000000001,-164.99,7.84,23.03
374530.200062,533,-0.085,-0.933,0.47900000000000004,-141.33,17.71,-3.22
374530.379762,535,-0.076,-1.0090000000000001,0.079,-97.23,-19.88,-6.51
374530.560202,537,-0.054,-0.989,-0.112,-18.27,0.91,-0.91
374530.740137,539,-0.069,-1.024,-0.061,4.48,1.33,-0.7000000000000001
374530.919793,541,-0.07,-1.0090000000000001,-0.055,-0.28,-1.82,0.07
374531.099675,543,-0.054,-1.024,-0.041,6.16,-2.59,0.07
374531.279767,545,-0.043000000000000003,-1.051,-0.03,73.29,-9.66,-1.33
374531.460899,547,-0.039,-0.877,0.537,170.73,-8.05,-22.82
374531.640120,549,-0.019,-0.615,0.864,151.13,-16.66,-10.99
374531.819948,551,0.01,-0.352,0.991,108.08,-0.42,0.42
374532.000327,553,-0.009000000000000001,-0.055,1.1480000000000001,39.9,-0.21,-0.63
374532.179939,555,0.002,-0.033,1.121,-8.33,3.15,2.0300000000000002
374532.360356,557,-0.009000000000000001,-0.073,1.055,-6.79,0.56,-1.12
374532.540702,559,0.002,-0.094,1.094,20.72,-13.93,0.84
374532.720016,561,0.07100000000000001,-0.136,1.039,11.13,0.63,-10.15
374532.900018,563,-0.038,-0.038,1.106,7.42,11.76,-7.28
374533.079984,565,0.019,-0.061,1.041,8.61,1.26,6.65
374533.260102,567,0.043000000000000003,-0.035,1.114,-15.26,27.580000000000002,28.7
374533.440291,569,-0.122,-0.075,1.063,-25.34,-13.86,11.48
374533.619860,571,-0.033,-0.044,1.082,-1.61,-13.3,-1.19
374533.799949,573,0.038,-0.084,1.112,-0.98,-7.7700000000000005,-3.5
374533.979821,575,0.015,-0.123,1.095,4.34,3.7800000000000002,-0.56
374534.160454,577,-0.007,-0.07200000000000001,1.09,4.62,4.97,-3.36
374534.342913,579,-0.026000000000000002,-0.106,1.063,1.54,1.19,1.8900000000000001
374534.519616,581,-0.048,-0.098,1.075,3.64,-0.77,-3.99
374534.700061,583,-0.054,-0.099,1.071,2.8000000000000003,-0.49,-0.14
374534.879849,585,-0.031,-0.076,1.092,2.38,1.54,-1.05
374535.059906,587,-0.058,-0.096,1.071,1.75,-1.8900000000000001,-2.0300000000000002
374535.240797,589,-0.079,-0.1,1.057,0.84,1.26,-0.21
374535.419858,591,-0.058,-0.067,1.097,1.12,-7.140000000000001,0.42
374535.599916,593,-0.091,-0.13,1.048,-0.98,2.59,-0.84
374535.779959,595,-0.016,-0.048,1.125,3.7800000000000002,-6.37,0.77
374535.959916,597,-0.116,-0.123,1.0190000000000001,3.36,3.29,-2.31
374536.140533,599,-0.005,-0.031,1.151,0.35000000000000003,-3.85,0.14
374536.320607,601,-0.069,-0.088,1.055,4.83,1.4000000000000001,2.38
374536.500265,603,-0.114,-0.058,1.046,20.72,-3.36,-14.07
374536.679823,605,-0.057,-0.146,1.057,5.18,11.76,27.580000000000002
374536.860223,607,-0.108,0.041,1.059,-6.44,35.84,13.09
374537.040366,609,-0.135,-0.004,1.054,5.67,-12.040000000000001,-1.82
374537.220035,611,-0.058,-0.024,1.111,-4.83,-12.040000000000001,7.63
374537.399795,613,-0.073,-0.015,1.072,3.29,-5.04,2.24
374537.580707,615,-0.027,0.032,1.12,2.59,-8.61,0.35000000000000003
374537.760355,617,-0.038,-0.026000000000000002,1.068,0.21,-3.71,0.98
374537.940237,619,-0.029,-0.009000000000000001,1.088,1.47,-6.65,0.0
374538.120008,621,-0.026000000000000002,-0.033,1.068,1.96,-2.17,0.21
374538.299859,623,-0.023,0.0,1.09,2.73,-2.38,-1.75
374538.479758,625,-0.008,0.016,1.093,4.97,-5.6000000000000005,-2.8000000000000003
374538.660361,627,-0.011,0.054,1.079,15.4,-1.96,2.52
374538.839943,629,-0.035,0.044,1.088,-12.81,-12.530000000000001,8.4
374539.079744,632,0.111,0.08,1.206,5.74,-14.77,-5.8100000000000005
374539.259878,634,0.085,-0.013000000000000001,1.087,8.540000000000001,-0.07,8.120000000000001
374539.440091,636,-0.029,0.055,1.0090000000000001,10.08,22.330000000000002,1.54
374539.620405,638,-0.097,0.131,1.075,24.64,-7.140000000000001,-23.17
374539.799729,640,0.02,0.067,1.109,2.38,83.3,-11.76
374539.979962,642,-0.03,0.125,1.071,-22.61,-61.46,24.71
374540.159975,644,0.048,0.055,1.07,41.79,16.38,-30.38
374540.340966,646,-0.034,0.134,1.066,-1.47,-30.17,18.13
374540.523097,648,0.13,0.17500000000000002,1.119,-21.77,-22.89,3.99
374540.700853,650,-0.069,0.203,1.042,-6.3,-16.94,3.43
374540.879478,652,0.029,0.125,1.208,-8.89,-7.21,4.83
374541.059702,654,0.035,-0.008,1.051,-7.21,-9.17,0.49
374541.241480,656,0.003,0.097,1.072,-4.2,-3.85,6.44
374541.423462,658,0.047,0.06,1.092,0.56,-0.84,0.42
374541.602863,660,0.038,0.043000000000000003,1.0050000000000001,4.62,-4.2,-0.84
374541.780120,662,0.048,0.049,1.074,-2.31,-5.74,-4.2700000000000005
374541.960044,664,0.055,0.047,1.077,0.91,2.38,3.99
374542.139805,666,0.044,0.108,1.103,3.5700000000000003,-4.9,-1.96
374542.439935,668,0.014,0.211,1.131,15.47,-3.5700000000000003,9.31
374542.680081,671,0.031,0.063,1.05,14.700000000000001,-2.0300000000000002,13.02
374542.859830,674,0.065,-0.002,1.078,-3.43,-4.69,6.58
374543.040175,676,0.019,0.105,1.081,-3.71,-11.34,2.87
374543.220320,678,0.061,-0.082,1.006,6.3,3.43,3.0100000000000002
374543.400047,680,0.007,0.113,1.074,1.82,3.29,2.31
374543.579604,682,0.031,0.039,1.072,2.52,-4.55,4.9
374543.759743,684,-0.051000000000000004,0.051000000000000004,1.0,-5.32,27.51,-20.09
374543.941282,686,0.121,-0.056,0.98,7.7700000000000005,19.740000000000002,-26.88
374544.120760,688,0.026000000000000002,-0.078,1.045,0.07,-38.71,-1.82
374544.300408,690,-0.124,-0.054,1.137,-28.7,17.990000000000002,-17.5
374544.480418,692,0.035,-0.034,1.0210000000000001,-2.59,-14.42,0.84
374544.659935,694,0.052000000000000005,-0.011,1.0150000000000001,2.1,4.55,15.26
374544.839943,696,0.07200000000000001,0.001,1.186,3.92,15.26,-17.36
374545.020678,698,0.024,-0.083,1.093,3.5,-1.26,3.92
374545.201023,700,-0.09,-0.002,1.043,-32.480000000000004,-11.76,9.59
374545.380080,702,-0.134,-0.117,1.07,3.0100000000000002,-1.26,5.74
374545.559683,704,-0.093,0.019,0.9520000000000001,-70.63,0.91,53.69
374545.739664,706,-0.05,-0.047,1.193,10.290000000000001,6.93,13.23
374545.919804,708,0.017,-0.035,1.102,-7.3500000000000005,1.75,-4.2
374546.101559,710,-0.015,-0.132,1.098,-15.89,-0.98,6.16
374546.280357,712,-0.105,-0.123,1.209,-28.35,88.13,28.28
374546.459724,714,-0.156,-0.177,1.093,-6.65,6.51,-7.98
374546.639746,716,-0.186,-0.242,0.784,0.7000000000000001,4.2,-14.42
374546.939968,718,-0.252,-0.094,1.039,17.85,-14.42,3.92
374547.119759,721,-0.178,-0.10200000000000001,1.115,-0.14,-4.13,-0.91
374547.300590,723,-0.164,-0.112,1.11,-0.98,2.24,2.66
374547.480573,725,-0.188,-0.109,1.073,-0.77,-0.14,1.33
374547.659929,727,-0.373,-0.053,-0.468,24.92,50.26,-4.0600000000000005
374547.839900,729,0.031,-0.014,1.942,46.9,-24.5,-11.9
374548.019783,731,-0.03,-0.013000000000000001,-0.162,4.13,67.76,40.18
374548.200361,733,-0.018000000000000002,-0.014,1.232,2.38,-10.64,3.36
374548.380432,735,-0.03,-0.042,1.118,1.12,-0.42,1.96
374548.560466,737,-0.058,-0.006,1.082,3.64,-6.44,-2.45
374548.739999,739,-0.059000000000000004,0.026000000000000002,1.069,2.52,-2.38,0.56
374548.920074,741,-0.054,0.02,1.078,1.4000000000000001,-4.41,-0.35000000000000003
374549.159911,743,-0.046,0.001,1.104,-0.07,-4.34,-1.96
374549.339833,746,-0.066,0.041,1.082,2.45,-3.0100000000000002,0.14
374549.520602,748,-0.04,0.108,1.367,99.4,-20.02,9.8
374549.702625,750,-0.033,0.225,1.231,-46.76,11.27,0.49
374549.880487,752,-0.07200000000000001,0.10300000000000001,0.902,-30.94,-15.120000000000001,5.8100000000000005
374550.059851,754,-0.001,-0.13,0.687,-29.96,-6.16,19.67
374550.240060,756,-0.03,-0.14400000000000002,0.964,-2.17,-14.07,3.64
374550.420042,758,-0.014,-0.116,1.098,5.04,1.12,-0.77
374550.600187,760,-0.027,-0.186,1.0150000000000001,-5.39,-8.75,2.17
374550.780958,762,-0.017,-0.137,1.092,-3.43,-1.96,0.77
374551.080678,764,-0.052000000000000005,-0.17200000000000001,0.5650000000000001,-13.86,2.17,2.24
374551.259935,767,-0.024,-0.08700000000000001,1.196,37.1,-2.31,-0.77
374551.440036,769,-0.073,0.10200000000000001,1.7790000000000001,36.61,-25.34,2.1
374551.619651,771,-0.051000000000000004,0.016,1.53,-25.69,-44.24,-24.57
374551.799889,773,-0.009000000000000001,0.054,1.43,1.61,-9.870000000000001,-1.33
374551.980289,775,0.005,0.01,1.108,13.790000000000001,7.7700000000000005,1.12
374552.160454,777,-0.018000000000000002,0.043000000000000003,1.035,1.96,-2.17,0.56
374552.339977,779,-0.012,0.047,1.083,1.82,-5.67,-0.14
374552.580434,781,-0.025,0.067,1.094,3.43,-9.450000000000001,-7.3500000000000005
374552.760139,784,-0.058,0.132,1.078,10.71,7.49,-0.77
374552.939867,786,-0.08,0.14200000000000002,1.042,14.14,1.26,-2.8000000000000003
374553.119997,788,-0.041,0.131,1.151,4.34,0.84,2.8000000000000003
374553.299990,790,-0.062,0.136,1.053,-0.84,-1.75,1.61
374553.480303,792,-0.045,0.124,1.085,0.56,-2.73,0.35000000000000003
374553.660278,794,-0.05,0.126,1.078,-4.34,-5.88,-2.1
374553.839994,796,-0.034,0.1,1.079,-7.63,-6.51,-1.8900000000000001
374554.019930,798,-0.02,0.051000000000000004,1.089,-6.0200000000000005,-13.23,0.42
374554.199930,800,-0.002,0.005,1.086,0.35000000000000003,0.56,3.08
374554.379889,802,-0.019,0.041,1.113,10.64,-5.04,-4.9
374554.560604,804,0.026000000000000002,0.012,1.12,2.31,-4.83,1.33
374554.740103,806,0.185,0.28500000000000003,3.0540000000000003,-60.76,-130.34,-4.34
374554.919749,808,-0.046,0.252,0.537,-115.08,15.89,70.35000000000001
374555.099908,810,-0.03,0.014,0.077,-43.68,52.43,16.17
374555.400043,812,0.051000000000000004,-0.455,1.022,6.72,-21.42,1.33
374555.580041,815,-0.018000000000000002,-0.244,1.069,6.23,-3.71,1.61
374555.760617,817,0.012,-0.26,1.095,7.3500000000000005,-3.22,-3.22
374555.939750,819,0.018000000000000002,-0.24,1.05,-4.41,-3.0100000000000002,-1.26
374556.122081,821,0.029,-0.275,0.502,-7.0,5.32,-13.72
374556.299697,823,0.019,-0.161,0.147,-4.48,-27.79,12.32
374556.480054,825,0.036000000000000004,0.183,2.027,58.17,6.23,20.93
374556.661099,827,-0.078,0.114,1.456,4.62,-42.42,-7.7
374556.839950,829,-0.021,0.1,1.084,7.21,-14.21,-2.1
374557.020001,831,0.023,-0.001,0.963,5.74,3.85,0.49
374557.199974,833,0.008,0.037,1.046,-2.87,-7.91,1.68
374557.380537,835,0.015,0.044,1.094,3.92,-2.8000000000000003,-0.63
374557.561560,837,0.021,0.042,1.084,4.2,-1.47,0.63
374557.739867,839,-0.002,0.14300000000000002,1.615,80.78,14.07,-10.43
374557.919711,841,-0.053,0.203,1.414,-30.66,-21.7,-20.51
374558.160387,843,0.129,-0.163,0.761,-60.06,7.84,57.82
374558.340854,846,-0.088,-0.28200000000000003,0.678,5.74,12.32,-0.07
374558.520005,848,-0.05,-0.155,1.093,-8.4,-6.16,-6.58
374558.699907,850,-0.017,-0.183,1.1320000000000001,-6.79,-4.2,-2.31
374558.879902,852,-0.06,-0.2,1.063,-3.5,-0.84,-3.64
374559.060013,854,-0.035,-0.218,1.034,-2.66,-0.98,-2.52
374559.240909,856,-0.059000000000000004,-0.274,0.6890000000000001,-6.65,26.53,-3.08
374559.419651,858,-0.024,-0.14,0.444,-26.32,-14.700000000000001,12.67
374559.599985,860,-0.034,0.129,0.982,23.87,-30.59,21.42
374559.780225,862,-0.17400000000000002,0.116,1.877,59.57,31.85,-0.21
374559.960224,864,-0.028,-0.076,0.989,-9.66,0.07,-0.21
374560.140181,866,-0.056,-0.016,1.156,-8.540000000000001,-13.370000000000001,-1.4000000000000001
374560.320665,868,-0.034,0.005,1.104,0.35000000000000003,2.66,-1.75
374560.500020,870,-0.042,0.027,1.096,7.84,8.540000000000001,-1.54
374560.680256,872,-0.044,0.027,1.103,2.52,-2.31,-0.91
374560.980149,874,-0.05,0.041,1.048,10.92,-1.19,-0.84
374561.160590,877,-0.039,0.056,1.104,-1.05,3.92,2.94
374561.341711,879,-0.053,0.028,1.057,1.26,-0.7000000000000001,3.43
374561.520609,881,-0.037,0.03,1.106,-0.21,-2.24,0.7000000000000001
374561.699957,883,-0.03,0.011,1.106,1.19,3.5,1.61
374561.882338,885,-0.053,0.041,1.049,4.2700000000000005,-8.61,-1.68
374562.060086,887,-0.042,0.068,1.058,7.7,-10.78,-2.52
374562.240747,889,0.013000000000000001,0.095,1.151,16.66,1.8900000000000001,-2.24
374562.420020,891,-0.014,0.198,2.344,-29.96,-28.560000000000002,-30.73
374562.600149,893,-0.10400000000000001,0.299,0.621,-21.21,-23.03,-24.92
374562.780061,895,-0.001,0.048,0.381,-28.7,16.52,39.2
374562.960255,897,-0.026000000000000002,-0.299,0.833,16.1,1.4000000000000001,-1.96
374563.140769,899,0.02,-0.145,1.1260000000000001,-1.96,-3.29,8.47
374563.319957,901,-0.01,-0.20400000000000001,1.039,0.35000000000000003,-1.05,6.58
374563.499999,903,0.004,-0.224,1.067,-1.54,-11.200000000000001,0.49
374563.679785,905,-0.133,-0.064,0.013000000000000001,-49.14,-8.61,-11.9
374563.859974,907,0.084,-0.081,0.961,66.08,-11.83,-37.31
374564.040054,909,0.053,0.139,1.95,76.65,12.88,-0.63
374564.220262,911,0.038,0.11,1.222,-0.21,-3.22,2.38
374564.400020,913,0.035,0.14100000000000001,1.173,-8.47,-9.1,3.92
374564.580136,915,-0.002,0.059000000000000004,1.032,0.42,-2.31,-0.49
374564.759703,917,0.029,0.08700000000000001,1.101,-1.4000000000000001,1.47,-3.71
374564.940881,919,0.006,0.067,1.083,-4.76,2.59,0.91
374565.120025,921,0.007,0.054,1.079,0.14,-0.14,-2.1
374565.359827,924,-0.02,0.038,1.079,-4.41,2.87,2.45
374565.540438,926,-0.046,0.026000000000000002,1.067,-0.77,0.49,-0.14
374565.719742,928,-0.038,0.018000000000000002,1.077,0.98,-1.82,-0.28
374565.900172,930,-0.044,0.027,1.094,0.84,-2.52,0.91
374566.079828,932,-0.042,0.025,1.119,2.66,-5.18,-0.49
374566.259895,934,-0.038,0.033,1.089,0.21,-3.99,0.49
374566.440930,936,-0.04,0.03,1.078,-0.56,-2.45,0.07
374566.620731,938,-0.041,0.012,1.065,0.91,-1.61,-0.21
374566.799660,940,-0.041,0.016,1.093,-0.84,-3.15,0.42
374566.981799,942,-0.047,0.002,1.086,-0.28,-1.75,2.0300000000000002
374567.159601,944,-0.062,-0.013000000000000001,1.064,-0.7000000000000001,-2.17,2.94
374567.342262,946,-0.037,0.052000000000000005,1.114,4.69,-10.01,-2.1
374567.523882,948,0.012,-0.027,1.122,0.28,-3.22,2.1
374567.699736,950,-0.032,0.051000000000000004,1.094,1.61,-0.84,3.5700000000000003
374567.880463,952,-0.031,0.013000000000000001,1.096,-1.12,3.43,2.24
374568.059884,954,-0.068,0.01,1.056,-3.08,4.34,4.55
374568.239734,956,-0.062,-0.012,1.106,-2.45,-2.87,5.25
374568.420884,958,-0.075,-0.015,1.092,2.31,-3.36,5.6000000000000005
374568.600999,960,-0.074,0.003,1.066,2.1,-3.71,-0.84
374568.779701,962,-0.061,0.011,1.1280000000000001,2.24,-5.88,-0.21
374568.959678,964,-0.061,-0.025,1.067,0.49,-3.43,0.42
374569.140575,966,-0.077,0.009000000000000001,1.083,-0.42,-2.38,0.98
374569.320152,968,-0.074,0.012,1.07,1.75,-4.69,-0.28
374569.620058,970,-0.065,-0.008,1.074,1.68,-2.8000000000000003,0.14
374569.800483,973,-0.076,0.01,1.092,-0.56,-2.66,-0.91
374569.979855,975,-0.079,-0.004,1.047,0.77,-4.34,-5.8100000000000005
374570.159878,977,-0.048,-0.01,1.083,0.98,-8.75,-0.07
374570.339685,979,-0.034,-0.001,1.095,3.64,-11.620000000000001,2.31
374570.520399,981,-0.028,0.015,1.107,0.91,-1.54,-2.0300000000000002
374570.700310,983,-0.011,-0.027,1.078,-1.47,-5.32,-1.68
374570.880008,985,-0.031,0.007,1.108,4.76,8.120000000000001,5.67
374571.059824,987,-0.10200000000000001,0.04,1.027,6.93,-4.62,-13.370000000000001
374571.239758,989,0.023,-0.027,1.1420000000000001,2.17,-9.38,-8.75
374571.420442,991,-0.039,0.022,1.099,4.13,10.01,4.9
374571.601018,993,-0.10200000000000001,0.008,1.074,0.28,8.89,6.0200000000000005
374571.780030,995,-0.129,0.019,1.046,1.61,-3.08,-2.24
374571.959693,997,-0.082,-0.004,1.046,2.0300000000000002,-17.22,-6.58
374572.140008,999,-0.034,0.02,1.12,0.28,-9.24,0.91
374572.320296,1001,-0.044,-0.03,1.072,-10.36,-5.46,-0.42
374572.501001,1003,-0.093,0.055,1.05,33.11,13.16,-4.13
374572.680054,1005,-0.123,0.032,1.086,6.16,-0.84,-0.63
374572.860064,1007,-0.14400000000000002,0.02,1.082,29.82,2.17,-2.94
374573.039998,1009,-0.108,0.032,1.062,-5.11,-21.91,-3.22
374573.220049,1011,-0.073,0.006,1.083,-3.43,-1.19,6.09
374573.400520,1013,-0.111,0.028,1.096,2.59,4.34,4.0600000000000005
374573.580249,1015,-0.122,0.036000000000000004,1.074,0.21,-1.96,0.63
374573.760010,1017,-0.10400000000000001,-0.003,1.088,0.63,-2.17,0.63
374573.940081,1019,-0.121,0.029,1.074,-1.19,-1.4000000000000001,1.12
374574.120114,1021,-0.116,0.024,1.08,3.15,-2.1,-0.98
374574.300463,1023,-0.116,0.011,1.072,2.38,-2.1,0.42
374574.479950,1025,-0.123,0.016,1.066,4.83,-1.26,0.14
374574.660064,1027,-0.122,0.026000000000000002,1.089,6.65,-3.15,-0.7000000000000001
374574.840029,1029,-0.11900000000000001,0.034,1.095,5.53,-4.0600000000000005,-1.12
374575.020033,1031,-0.13,0.046,1.075,0.7000000000000001,-3.22,-0.21
374575.200700,1033,-0.131,0.042,1.076,1.61,-0.84,0.63
374575.380873,1035,-0.11800000000000001,0.033,1.085,1.26,-3.99,0.42
374575.559517,1037,-0.134,0.028,1.067,3.0100000000000002,2.8000000000000003,-1.33
374575.740250,1039,-0.089,0.036000000000000004,1.154,0.91,-7.21,1.82
374575.921240,1041,-0.121,0.039,1.082,2.1,-3.29,0.07
374576.100669,1043,-0.12,0.043000000000000003,1.079,2.0300000000000002,-2.94,-0.49
374576.281121,1045,-0.11,0.034,1.074,0.84,-3.5700000000000003,0.42
374576.459728,1047,-0.182,0.022,0.985,10.22,16.240000000000002,-0.42
374576.639908,1049,-0.094,-0.046,1.154,8.89,7.63,-3.99
374576.819773,1051,-0.053,-0.032,1.197,-8.26,-43.61,-17.29
374577.001153,1053,-0.101,0.05,1.1320000000000001,-1.05,-17.85,-4.55
374577.181781,1055,-0.051000000000000004,0.025,1.163,-3.22,-27.44,-2.38
374577.360177,1057,-0.073,0.036000000000000004,1.098,2.94,-18.76,-4.41
374577.539815,1059,-0.074,0.037,1.077,1.19,-1.8900000000000001,0.14
374577.720071,1061,-0.08,0.052000000000000005,1.091,2.24,-2.0300000000000002,-0.84
374577.900683,1063,-0.081,0.043000000000000003,1.087,1.33,-0.63,0.91
374578.081074,1065,-0.081,0.051000000000000004,1.071,0.21,-2.24,1.61
374578.259944,1067,-0.081,0.048,1.073,0.63,-3.5700000000000003,0.42
374578.440247,1069,-0.079,0.046,1.066,0.07,-3.08,1.33
374578.619943,1071,-0.092,0.054,1.068,1.96,-0.98,-0.56
374578.799883,1073,-0.085,0.041,1.056,3.08,1.19,1.4000000000000001
374578.980948,1075,-0.093,0.054,1.077,2.45,-3.0100000000000002,0.07
374579.160544,1077,-0.085,0.032,1.027,5.6000000000000005,1.47,-0.28
374579.339852,1079,-0.099,0.041,1.067,3.0100000000000002,15.4,5.46
374579.519907,1081,-0.112,0.068,1.077,1.47,-4.97,-3.29
374579.701556,1083,-0.078,0.062,1.059,1.61,-9.03,-3.5
374579.880363,1085,-0.066,0.075,1.06,3.08,2.17,-0.07
374580.060510,1087,-0.076,0.075,1.072,5.25,2.17,3.64
374580.299925,1089,-0.099,0.092,1.089,0.14,0.42,-2.38
374580.480621,1092,-0.073,0.062,1.075,3.15,-1.54,-4.13
374580.660672,1094,-0.083,0.08600000000000001,1.067,2.24,-4.2700000000000005,0.98
374580.840082,1096,-0.075,0.066,1.079,-0.56,-0.42,3.85
374581.019754,1098,-0.096,0.069,1.065,-1.8900000000000001,-2.17,1.05
374581.200064,1100,-0.066,0.062,1.064,18.69,0.35000000000000003,-3.85
374581.380742,1102,-0.1,-0.036000000000000004,1.0010000000000001,-239.26,-31.43,55.300000000000004
374581.560181,1104,0.037,-0.771,0.8180000000000001,-106.26,43.19,8.540000000000001
374581.739771,1106,0.008,-0.876,0.534,-80.22,103.39,-2.0300000000000002
374581.919945,1108,-0.037,-0.9380000000000001,0.394,-9.17,-2.52,1.47
374582.099771,1110,-0.036000000000000004,-0.739,0.656,238.77,-28.560000000000002,10.99
374582.296080,1112,0.046,-0.261,1.088,221.55,-23.240000000000002,-66.78
374582.580792,1114,0.036000000000000004,0.181,1.117,92.54,35.21,-7.5600000000000005
374582.760399,1117,0.121,0.117,1.098,-7.84,-17.43,48.02
374582.939775,1119,0.089,0.417,1.285,-4.62,28.84,21.490000000000002
374583.119751,1121,0.062,0.137,1.0230000000000001,-8.33,6.93,-9.73
374583.300149,1123,0.063,0.069,1.104,-4.55,3.5,-0.91
374583.480065,1125,0.031,0.112,1.068,-1.54,-2.45,0.35000000000000003
374583.660862,1127,0.026000000000000002,0.091,1.059,2.17,-0.77,-0.42
374583.840916,1129,0.02,0.1,1.056,3.36,-3.08,-2.38
374584.019846,1131,0.024,0.093,1.087,2.52,-3.5,2.45
374584.200081,1133,0.027,0.101,1.064,4.0600000000000005,-2.1,-0.35000000000000003
374584.380068,1135,0.024,0.112,1.071,2.38,-2.1,0.77
374584.561116,1137,0.038,0.111,1.076,0.49,-2.73,0.98
374584.744715,1139,0.025,0.127,1.079,2.17,-1.96,-0.7000000000000001
374584.919997,1141,0.022,0.132,1.063,2.31,-4.0600000000000005,-2.87
374585.100122,1143,0.036000000000000004,0.088,1.071,-1.26,1.4000000000000001,-0.98
374585.279975,1145,-0.012,0.101,1.059,4.34,5.32,2.66
374585.461064,1147,-0.027,0.132,1.024,3.85,-4.97,-7.42
374585.640606,1149,0.039,0.10400000000000001,1.102,-1.96,-6.16,-1.33
374585.820055,1151,0.03,0.078,1.082,3.29,-2.24,1.8900000000000001
374586.000024,1153,0.006,0.108,1.069,3.5,-1.8900000000000001,4.13
374586.180645,1155,0.003,0.133,1.088,3.5700000000000003,-2.8000000000000003,-1.05
374586.420106,1157,-0.009000000000000001,0.10200000000000001,1.057,1.96,1.8900000000000001,-2.45
374586.599905,1160,0.031,0.10300000000000001,1.078,-0.49,-6.65,-0.84
374586.779809,1162,0.009000000000000001,0.10300000000000001,1.056,1.4000000000000001,-0.42,6.58
374586.960690,1164,-0.014,0.159,1.101,3.15,-3.64,-2.38
374587.140409,1166,0.003,0.112,1.061,1.05,-3.08,-4.48
374587.320139,1168,0.01,0.126,1.068,1.82,-4.13,-1.68
374587.500077,1170,0.018000000000000002,0.113,1.069,-0.77,-3.85,2.66
374587.680359,1172,-0.003,0.129,1.075,5.11,0.84,0.98
374587.860527,1174,-0.014,0.125,1.063,0.14,-3.08,-6.16
374588.040580,1176,-0.001,0.131,1.072,3.5,-2.1,-1.4000000000000001
374588.219902,1178,-0.011,0.14300000000000002,1.056,2.73,-2.52,0.49
374588.399897,1180,0.009000000000000001,0.128,1.085,-0.07,-3.71,2.1
374588.580141,1182,-0.038,0.159,1.08,0.35000000000000003,2.8000000000000003,-0.07
374588.760025,1184,-0.058,0.14,1.027,1.61,-0.98,-20.09
374588.940596,1186,-0.115,0.105,1.1500000000000001,48.79,10.85,-22.12
374589.120126,1188,-0.041,0.271,1.131,-15.75,-20.72,-1.75
374589.300067,1190,-0.06,0.176,1.0030000000000001,-12.74,-22.19,-13.72
374589.480068,1192,-0.11800000000000001,0.20500000000000002,0.9,65.1,24.85,-62.93
374589.659916,1194,-0.135,0.186,0.841,-56.84,-49.49,2.0300000000000002
374589.840637,1196,0.05,0.155,1.042,9.94,1.12,-2.66
374590.020849,1198,-0.108,0.587,1.354,-47.18,-72.24,20.44
374590.320458,1200,-0.046,0.051000000000000004,1.041,10.290000000000001,-10.36,-2.59
374590.500095,1203,0.007,0.154,1.109,-10.08,-8.89,3.29
374590.680111,1205,0.002,0.07200000000000001,1.081,1.05,4.2700000000000005,-3.29
374590.860144,1207,-0.028,0.12,1.064,8.96,-3.08,-4.76
374591.041022,1209,-0.001,0.09,1.082,1.12,3.22,-0.49
374591.220529,1211,-0.008,0.136,1.094,-4.55,-4.41,-0.28
374591.400096,1213,-0.002,0.092,1.014,2.59,-6.65,3.85
374591.580071,1215,-0.011,0.099,1.101,-2.31,-3.71,6.65
374591.759753,1217,-0.051000000000000004,0.094,1.059,0.0,0.49,-3.22
374591.940719,1219,-0.036000000000000004,0.07200000000000001,1.074,2.66,-0.28,-3.08
374592.120196,1221,-0.027,0.07200000000000001,1.025,4.48,1.68,-2.59
374592.300009,1223,-0.017,0.079,1.073,3.43,-8.19,4.83
374592.480116,1225,-0.028,0.083,1.086,-1.19,-3.36,-7.42
374592.659717,1227,0.023,0.17200000000000001,1.228,-1.26,-16.240000000000002,7.7
374592.840154,1229,-0.057,0.074,1.0050000000000001,7.21,-2.38,1.61
374593.020046,1231,-0.014,0.051000000000000004,1.0010000000000001,4.48,-1.68,0.35000000000000003
374593.200028,1233,-0.039,0.088,1.055,5.04,-1.54,0.07
374593.380141,1235,0.006,0.073,1.099,-2.31,-4.0600000000000005,3.22
374593.560078,1237,0.001,0.113,1.105,1.61,-4.9,0.07
374593.740126,1239,-0.029,-0.022,0.905,11.76,5.8100000000000005,-5.74
374593.920738,1241,-0.03,0.155,1.163,6.79,10.57,0.28
374594.100065,1243,0.02,0.064,0.979,13.86,-2.73,1.47
374594.280062,1245,-0.048,0.178,1.098,6.0200000000000005,11.06,13.23
374594.460036,1247,-0.052000000000000005,0.146,1.058,-3.43,-1.33,-9.38
374594.639964,1249,0.028,0.056,1.099,2.66,-8.75,19.11
374594.820747,1251,-0.068,0.223,1.1,-3.85,1.96,3.71
374594.999901,1253,-0.022,0.101,1.056,-7.0,-9.38,-0.56
374595.180041,1255,-0.035,0.10400000000000001,1.073,0.49,3.99,4.41
374595.360097,1257,-0.047,0.066,1.029,6.09,-2.0300000000000002,0.0
374595.539862,1259,-0.057,0.177,1.141,-2.17,0.42,0.49
374595.720592,1261,-0.051000000000000004,0.064,0.997,4.2700000000000005,-8.05,-3.0100000000000002
374595.900645,1263,-0.03,0.134,1.101,-13.16,-17.43,13.93
374596.139782,1266,0.106,0.07,1.083,-7.5600000000000005,-6.79,7.28
374596.320553,1268,0.108,0.053,1.155,5.32,11.9,8.82
374596.500728,1270,0.069,0.081,1.053,4.83,-7.3500000000000005,1.75
374596.680527,1272,0.08,0.049,1.063,3.71,-0.28,-2.52
374596.860124,1274,0.091,0.082,1.109,-0.14,-3.36,-6.51
374597.040110,1276,0.066,0.051000000000000004,1.022,8.26,3.5,-7.63
374597.220456,1278,0.121,0.061,1.099,8.47,0.63,6.93
374597.400244,1280,0.036000000000000004,0.106,1.071,-4.13,0.28,7.91
374597.580035,1282,0.013000000000000001,0.077,1.094,-5.39,-5.39,7.07
374597.760074,1284,0.066,0.052000000000000005,1.103,1.4000000000000001,-1.47,-2.0300000000000002
374597.940173,1286,0.03,0.053,1.074,19.740000000000002,7.7,-7.91
374598.120359,1288,0.019,0.114,1.092,0.42,-13.3,-7.7700000000000005
374598.300581,1290,0.057,0.057,1.133,-4.69,0.84,-5.04
374598.479994,1292,-0.033,0.046,1.03,7.91,4.13,-0.49
374598.659991,1294,-0.013000000000000001,0.121,1.07,11.200000000000001,-5.88,-0.77
374598.840056,1296,-0.013000000000000001,0.122,1.069,5.11,-4.48,0.49
374599.020589,1298,-0.002,0.126,1.05,4.2700000000000005,-0.7000000000000001,0.0
374599.201047,1300,0.021,0.156,1.104,-0.21,-7.7700000000000005,3.43
374599.380073,1302,-0.003,0.14200000000000002,1.063,0.84,2.73,2.31
374599.559704,1304,-0.002,0.154,1.094,0.56,-2.66,-2.59
374599.739826,1306,-0.01,0.111,1.0230000000000001,3.29,-0.56,0.7000000000000001
374599.920088,1308,0.037,0.296,1.212,-2.66,-24.990000000000002,7.98
374600.100967,1310,-0.005,0.018000000000000002,1.0170000000000001,-4.9,11.41,1.26
374600.280054,1312,-0.05,0.184,1.078,3.43,3.08,-4.69
374600.462658,1314,0.014,0.076,1.082,4.13,-10.22,0.98
374600.641923,1316,-0.011,0.095,1.029,-0.07,-5.32,2.8000000000000003
374600.821370,1318,-0.032,0.13,1.0110000000000001,5.8100000000000005,-0.56,3.92
374601.001170,1320,-0.025,0.113,1.051,1.61,8.47,-0.21
374601.180575,1322,-0.029,0.164,1.095,6.65,1.26,0.77
374601.359934,1324,0.023,0.116,1.108,0.14,-5.53,0.07
374601.540162,1326,-0.048,0.154,1.063,5.46,5.04,-1.05
374601.720066,1328,0.008,0.128,1.105,0.14,-9.66,-6.51
374601.900298,1330,0.004,0.126,1.078,-1.96,3.85,1.26
374602.080272,1332,-0.081,0.17200000000000001,0.998,2.73,-9.24,-3.99
374602.260042,1334,0.014,0.11800000000000001,1.091,1.68,-0.7000000000000001,2.17
374602.440077,1336,-0.046,0.16,1.029,4.2700000000000005,-3.5,1.54
374602.621734,1338,-0.016,0.132,1.052,0.91,6.93,0.63
374602.800391,1340,-0.07100000000000001,0.188,1.049,2.8000000000000003,-8.26,-3.71
374602.980274,1342,0.035,0.116,1.1340000000000001,-0.84,2.0300000000000002,1.82
374603.160059,1344,-0.10400000000000001,0.20800000000000002,1.062,9.94,9.31,0.35000000000000003
374603.340024,1346,0.003,0.134,1.135,-8.96,-15.96,0.91
374603.519696,1348,-0.084,0.135,0.994,8.47,-2.87,2.8000000000000003
374603.700447,1350,-0.025,0.155,1.092,3.0100000000000002,-2.73,-1.8900000000000001
374604.000729,1352,-0.009000000000000001,0.14,1.105,-0.49,-11.27,4.34
374604.181324,1355,-0.052000000000000005,0.177,1.044,-0.35000000000000003,-1.96,-3.5
374604.360326,1357,-0.008,0.139,1.087,2.0300000000000002,-3.7800000000000002,0.63
374604.539837,1359,-0.049,0.164,1.057,5.32,-1.33,-1.47
374604.720337,1361,-0.012,0.061,1.056,-14.77,-6.79,7.63
374604.900101,1363,-0.034,0.063,1.082,-12.18,18.62,4.34
374605.080683,1365,-0.105,0.066,1.157,-42.7,-57.82,3.85
374605.260670,1367,-0.084,-0.004,1.026,16.59,2.8000000000000003,-8.61
374605.439904,1369,-0.04,0.122,1.095,1.12,-31.92,12.74
374605.619656,1371,-0.003,-0.016,1.084,-7.28,2.66,2.94
374605.799972,1373,-0.062,0.046,1.1320000000000001,-13.72,1.61,9.66
374605.981391,1375,-0.037,-0.002,1.151,-6.09,-5.11,10.290000000000001
374606.160179,1377,-0.02,-0.033,1.101,-12.040000000000001,-22.61,-0.42
374606.340055,1379,-0.039,-0.011,1.063,10.92,1.47,-3.36
374606.520044,1381,-0.055,-0.002,1.053,-3.71,13.44,6.16
374606.700355,1383,-0.109,0.04,1.064,5.32,8.120000000000001,-6.72
374606.880785,1385,-0.09,-0.007,1.118,1.33,6.72,0.28
374607.060541,1387,-0.032,0.044,1.21,2.87,-34.58,10.78
374607.240096,1389,-0.109,0.006,1.049,-14.56,52.64,-11.06
374607.420032,1391,-0.152,-0.073,1.089,2.8000000000000003,-10.99,-8.89
374607.600034,1393,-0.089,-0.064,1.137,5.32,-0.14,12.530000000000001
374607.780751,1395,-0.152,-0.046,1.039,-27.580000000000002,3.5700000000000003,-0.07
374607.960684,1397,-0.096,-0.14100000000000001,1.075,-9.1,-8.26,-5.25
374608.139987,1399,-0.057,0.019,1.326,-2.87,-12.39,6.65
374608.320170,1401,-0.039,0.01,1.006,44.660000000000004,-34.79,-27.23
374608.502449,1403,0.03,0.024,1.172,-1.47,-34.37,-15.4
374608.680218,1405,-0.04,-0.011,1.121,6.0200000000000005,14.49,0.91
374608.860214,1407,-0.049,0.004,1.091,-6.37,-9.03,0.42
374609.039978,1409,-0.042,-0.005,1.044,24.01,0.49,-1.82
374609.219982,1411,-0.058,0.191,0.984,127.4,-18.13,-37.59
374609.399980,1413,0.101,0.531,1.0230000000000001,150.64000000000001,18.27,-16.87
374609.580204,1415,-0.115,0.767,0.621,34.65,7.0,-6.86
374609.760647,1417,-0.042,0.804,0.7000000000000001,-2.38,-7.7700000000000005,3.5700000000000003
374609.939724,1419,-0.066,0.756,0.674,-3.64,-2.94,3.08
374610.119853,1421,-0.048,0.781,0.7000000000000001,1.82,-2.87,1.19
374610.300129,1423,-0.17300000000000001,1.027,1.153,60.13,-10.64,-20.02
374610.479876,1425,0.139,1.196,0.989,-88.48,-34.09,29.05
374610.660658,1427,0.11800000000000001,0.32,0.444,-35.980000000000004,-10.08,18.97
374610.900110,1429,0.06,0.23500000000000001,0.798,-20.650000000000002,-1.61,2.24
374611.079810,1432,0.047,0.317,0.979,1.8900000000000001,-2.52,-2.17
374611.260717,1434,0.068,0.37,1.0130000000000001,8.61,-11.83,2.87
374611.440184,1436,0.088,0.107,0.418,-9.03,23.66,-25.900000000000002
374611.619996,1438,0.101,0.078,0.559,78.4,-31.150000000000002,-10.99
374611.799998,1440,0.334,1.698,1.463,80.08,-1.33,13.23
374611.980015,1442,0.187,0.529,0.707,-18.76,16.38,-21.84
374612.161044,1444,0.124,0.6910000000000001,0.863,-3.85,16.17,-4.34
374612.340282,1446,0.037,0.612,0.802,-35.63,26.39,5.04
374612.520093,1448,-0.042,0.48,0.9440000000000001,-73.15,56.84,12.88
374612.700104,1450,-0.099,0.325,0.915,-77.63,-55.86,7.07
374612.879971,1452,-0.014,0.209,1.292,-13.370000000000001,25.34,-26.18
374613.060379,1454,-0.007,-0.13,1.723,43.050000000000004,100.03,113.05
374613.239870,1456,0.05,-0.10200000000000001,0.901,304.38,116.97,-119.84
374613.420004,1458,0.213,-1.034,-0.094,-182.21,-17.29,-65.03
374613.600062,1460,0.154,-1.046,-0.195,-110.11,-24.080000000000002,71.47
374613.779849,1462,-0.052000000000000005,-0.981,-0.034,7.07,17.01,13.23
374613.960609,1464,-0.083,-0.979,0.032,3.0100000000000002,1.05,0.14
374614.140351,1466,-0.083,-0.993,0.005,8.05,-4.55,7.28
374614.320782,1468,-0.093,-1.022,0.065,13.44,-6.09,4.2700000000000005
374614.500005,1470,-0.081,-1.0050000000000001,0.03,2.17,-1.82,-0.42
374614.680892,1472,-0.081,-1.008,0.028,1.54,-3.36,2.0300000000000002
374614.860260,1474,-0.07200000000000001,-1.0230000000000001,0.042,-0.49,-5.25,-0.42
374615.039844,1476,-0.07100000000000001,-1.0050000000000001,0.019,-1.4000000000000001,-5.6000000000000005,3.36
374615.219983,1478,-0.091,-1.002,0.016,1.33,-2.1,2.8000000000000003
374615.400015,1480,-0.09,-1.006,0.027,2.17,-4.76,2.66
374615.580281,1482,-0.08600000000000001,-1.0170000000000001,0.029,-0.28,-1.82,0.07
374615.759999,1484,-0.077,-1.0130000000000001,0.015,1.75,-4.0600000000000005,1.75
374615.940605,1486,-0.094,-1.0070000000000001,0.036000000000000004,4.13,-1.12,-0.35000000000000003
374616.120188,1488,-0.068,-1.031,0.037,1.68,-4.83,-0.14
374616.299817,1490,-0.07,-1.025,0.019,2.45,-3.71,-0.35000000000000003
374616.480060,1492,-0.068,-1.042,0.051000000000000004,6.37,-2.38,3.15
374616.659889,1494,-0.149,-1.569,0.061,-37.17,-36.47,-42.21
374616.840663,1496,-0.105,-0.99,-0.016,-35.0,-10.36,-23.73
374617.019978,1498,0.0,-0.671,-0.029,-16.73,-43.19,-21.91
374617.200002,1500,-0.041,-0.735,-0.145,-7.7700000000000005,-1.12,1.61
374617.379905,1502,0.096,-0.99,-0.231,3.29,-0.07,6.58
374617.559910,1504,0.015,-0.9410000000000001,-0.14,0.98,-2.59,1.96
374617.740457,1506,0.058,-1.022,-0.10400000000000001,4.97,-4.76,3.5
374617.920641,1508,-0.008,-0.972,-0.115,1.96,-7.42,1.12
374618.100689,1510,0.024,-1.016,-0.08600000000000001,0.49,-4.2,-0.14
374618.280125,1512,0.037,-0.987,-0.17300000000000001,0.98,-2.45,1.26
374618.459853,1514,-0.05,-0.551,0.017,-11.76,20.580000000000002,13.02
374618.640413,1516,0.135,-0.19,-0.082,-59.15,-31.29,-71.68
374618.820697,1518,0.256,-1.586,0.199,128.94,30.03,-5.39
374619.000153,1520,0.32,-1.3940000000000001,0.02,31.5,4.9,21.21
374619.180056,1522,0.17300000000000001,-1.065,0.194,-8.33,-11.34,7.5600000000000005
374619.360122,1524,0.12,-1.0090000000000001,0.198,6.16,-7.28,8.26
374619.540310,1526,0.08600000000000001,-1.01,0.19,1.47,-2.0300000000000002,3.64
374619.720607,1528,0.096,-1.123,0.221,-0.07,1.47,3.64
374619.900163,1530,0.106,-1.031,0.168,2.87,-8.33,14.21
374620.079776,1532,0.053,-1.064,0.23800000000000002,3.85,3.36,11.69
374620.260370,1534,0.024,-0.978,0.194,3.36,1.12,3.15
374620.440346,1536,0.005,-1.008,0.233,6.86,-0.28,3.22
374620.620966,1538,0.016,-1.0,0.20800000000000002,1.05,-4.2,0.56
374620.802791,1540,0.012,-1.041,0.267,3.08,-8.75,11.55
374620.981027,1542,0.019,-1.002,0.153,7.0,0.63,0.98
374621.160357,1544,0.019,-0.991,0.198,-0.28,-14.49,-9.03
374621.341629,1546,0.061,-1.1440000000000001,0.231,15.68,5.6000000000000005,-1.4000000000000001
374621.521378,1548,-0.049,-1.619,0.386,-66.01,3.22,-6.44
374621.700239,1550,-0.01,-0.28800000000000003,-0.022,-30.59,-16.1,14.0
374621.880099,1552,-0.113,-0.514,-0.01,-2.0300000000000002,-23.03,21.490000000000002
374622.059929,1554,-0.054,-0.971,0.03,7.84,0.07,3.71
374622.240023,1556,-0.057,-0.996,-0.093,-1.4000000000000001,-8.89,-1.47
374622.423099,1558,-0.085,-0.9430000000000001,-0.027,0.49,2.94,-0.77
374622.599860,1560,-0.037,-1.0110000000000001,0.004,-1.68,0.98,-2.66
374622.780006,1562,-0.031,-0.157,-0.155,5.8100000000000005,41.58,5.32
374622.959885,1564,-0.013000000000000001,-0.896,-0.158,89.88,-1.12,-15.68
374623.139840,1566,0.26,-1.953,0.313,69.44,5.11,-28.7
374623.320862,1568,0.169,-0.812,0.093,-11.76,-9.59,7.98
374623.500606,1570,0.145,-0.96,0.18,-0.21,6.37,18.62
374623.680282,1572,0.10400000000000001,-0.961,0.23800000000000002,-3.64,-12.81,-7.28
374623.859837,1574,0.138,-1.014,0.279,13.23,-2.73,15.26
374624.039889,1576,0.07200000000000001,-1.02,0.305,-7.07,-10.08,1.54
374624.221157,1578,0.069,-1.01,0.28200000000000003,-2.38,-0.35000000000000003,1.47
374624.400613,1580,0.039,-0.984,0.225,2.38,-4.41,6.37
374624.580174,1582,0.034,-0.997,0.246,1.75,-3.22,-0.98
374624.879999,1585,0.055,-1.01,0.244,8.540000000000001,-4.55,3.64
374625.059962,1587,0.022,-0.995,0.28700000000000003,3.7800000000000002,-2.31,4.2700000000000005
374625.240127,1589,0.025,-1.0110000000000001,0.273,-2.17,-1.12,5.53
374625.420634,1591,0.006,-1.0070000000000001,0.262,-2.31,1.54,5.67
374625.600980,1593,-0.012,-0.999,0.255,3.5700000000000003,-3.0100000000000002,2.73
374625.780070,1595,-0.021,-0.992,0.248,1.54,-3.0100000000000002,1.54
374625.959978,1597,-0.006,-1.0130000000000001,0.241,3.36,-1.54,1.68
374626.139903,1599,-0.016,-1.008,0.242,1.61,-0.91,1.54
374626.380181,1601,-0.014,-1.0110000000000001,0.254,2.66,-2.24,0.49
374626.560186,1604,-0.01,-1.006,0.246,0.21,-2.8000000000000003,-0.63
374626.740006,1606,-0.032,-0.975,0.253,2.52,1.96,0.35000000000000003
374626.922275,1608,-0.024,-0.995,0.29,6.65,1.68,1.82
374627.102513,1610,1.074,-3.17,1.729,-235.20000000000002,9.31,-34.79
374627.280247,1612,0.182,-0.17200000000000001,0.199,-45.64,-69.93,38.15
374627.460328,1614,-0.003,-0.805,-0.091,11.27,11.13,16.17
374627.640001,1616,-0.001,-0.984,-0.225,8.61,-17.43,-10.08
374627.820741,1618,0.048,-1.044,-0.156,8.26,-3.5700000000000003,4.83
374628.001455,1620,-0.03,-0.96,-0.113,5.67,-0.63,2.52
374628.180288,1622,-0.002,-1.0010000000000001,-0.07200000000000001,5.8100000000000005,-0.56,-1.54
374628.359766,1624,0.006,-1.0130000000000001,-0.138,0.98,-1.05,1.75
374628.540089,1626,0.008,-0.996,-0.136,3.7800000000000002,0.35000000000000003,6.16
374628.720143,1628,-0.016,-0.972,-0.116,0.63,-6.09,2.31
374629.020028,1630,-0.013000000000000001,-0.973,-0.161,-0.28,-3.7800000000000002,0.21
374629.201355,1633,-0.029,-0.989,-0.147,-1.05,-4.69,1.26
374629.381809,1635,-0.051000000000000004,-0.15,-0.061,-14.84,15.89,2.0300000000000002
374629.559907,1637,0.265,-0.61,-0.07200000000000001,41.65,-27.09,-43.26
374629.739900,1639,0.136,-1.7790000000000001,-0.026000000000000002,52.99,-6.72,-5.88
374629.920136,1641,0.156,-0.987,0.362,2.87,-2.87,3.29
374630.100279,1643,0.088,-1.0090000000000001,0.281,3.0100000000000002,2.17,10.15
374630.280438,1645,0.09,-1.0070000000000001,0.262,-1.47,-3.29,-2.17
374630.459975,1647,0.12,-1.037,0.274,1.05,-2.38,1.4000000000000001
374630.639996,1649,0.089,-0.992,0.253,2.17,-1.8900000000000001,0.07
374630.819965,1651,0.098,-1.016,0.249,6.0200000000000005,-0.91,5.53
374631.000953,1653,0.134,-2.136,0.506,-13.72,17.57,33.53
374631.183533,1655,0.117,-1.199,-0.181,-96.88,-45.5,-12.67
374631.360128,1657,0.039,-0.152,0.176,13.16,-38.71,19.04
374631.540510,1659,-0.05,-0.787,-0.277,-5.53,-15.75,0.77
374631.720756,1661,-0.10200000000000001,-0.979,-0.146,0.77,-4.2700000000000005,8.19
374631.900523,1663,-0.088,-0.9560000000000001,-0.135,-9.31,-3.85,-9.66
374632.139978,1665,-0.192,-0.164,-0.08700000000000001,54.74,77.63,-66.85
374632.319784,1668,0.307,-1.252,0.9430000000000001,202.51,119.91,63.63
374632.500334,1670,-0.293,-0.41100000000000003,1.548,51.38,35.0,24.29
374632.680740,1672,-0.212,-0.209,1.109,-15.610000000000001,-17.22,-17.150000000000002
374632.860758,1674,-0.041,-0.093,1.256,-9.52,-12.18,26.18
374633.039898,1676,-0.041,0.054,1.108,13.65,-8.75,15.26
374633.219903,1678,-0.014,-0.003,1.145,-7.98,0.63,12.67
374633.400233,1680,-0.047,0.046,1.115,35.77,-8.89,2.0300000000000002
374633.581115,1682,-0.011,0.025,1.121,2.45,-4.41,2.66
374633.760510,1684,-0.028,0.024,1.055,-0.07,-4.97,2.59
374633.940428,1686,-0.01,0.044,1.113,-0.63,-2.24,6.65
374634.120095,1688,0.079,0.029,2.9290000000000003,-49.42,-5.67,-20.02
374634.300346,1690,-0.002,-0.013000000000000001,0.075,-37.87,-13.16,55.86
374634.481356,1692,-0.196,0.117,0.379,-31.150000000000002,-15.82,63.07
374634.661646,1694,0.005,-0.203,1.2530000000000001,-1.47,-4.2700000000000005,15.33
374634.839903,1696,-0.123,-0.159,1.073,6.23,5.67,-0.28
374635.019887,1698,-0.079,-0.241,1.037,-0.77,-12.040000000000001,-4.2
374635.199934,1700,-0.046,-0.273,1.07,4.41,-1.96,4.2
374635.379981,1702,-0.073,-0.323,1.0070000000000001,1.05,-4.83,0.98
374635.561004,1704,-0.099,-0.08600000000000001,0.578,-8.19,29.12,-21.77
374635.740459,1706,-0.028,-0.052000000000000005,0.133,-59.64,-87.43,7.84
374635.922465,1708,0.281,0.075,2.754,75.81,-7.5600000000000005,-14.700000000000001
374636.099867,1710,0.10300000000000001,-0.146,1.1360000000000001,1.75,5.04,7.63
374636.282907,1712,0.033,-0.026000000000000002,1.107,13.51,7.91,3.29
374636.463776,1714,-0.012,0.064,1.118,7.91,-4.2700000000000005,6.0200000000000005
374636.642892,1716,0.001,0.046,1.1,6.0200000000000005,-2.59,-1.33
374636.821558,1718,-0.013000000000000001,0.111,1.07,1.54,-4.83,6.72
374636.999859,1720,0.008,0.058,1.083,0.7000000000000001,0.14,-0.14
374637.180387,1722,-0.004,0.101,1.078,1.05,0.21,2.45
374637.360605,1724,-1.141,-0.022,1.2610000000000001,-1.82,18.62,13.93
374637.661165,1726,0.369,-0.162,1.026,-13.09,-10.78,-78.33
374637.840606,1729,0.163,-0.093,1.079,14.42,-23.8,0.35000000000000003
374638.019724,1731,-0.045,0.031,1.111,1.61,-12.11,7.49
374638.200511,1733,-0.036000000000000004,0.048,1.109,6.23,4.2,1.33
374638.380733,1735,-0.06,0.054,1.1,-5.88,-0.35000000000000003,-3.7800000000000002
374638.562633,1737,-0.007,0.033,1.06,1.8900000000000001,-1.05,-6.09
374638.740403,1739,1.081,0.222,1.0190000000000001,-12.32,15.120000000000001,-17.78
374638.919905,1741,-0.073,-0.003,0.869,-5.46,-69.09,117.39
374639.100345,1743,-0.674,-0.178,1.2670000000000001,-25.830000000000002,-19.39,33.18
374639.280174,1745,-0.11900000000000001,-0.008,1.083,2.66,20.16,0.14
374639.519814,1747,-0.042,-0.033,1.124,13.65,9.52,-13.72
374639.821627,1750,-0.002,-0.015,1.071,8.33,-5.6000000000000005,-3.5
374640.000198,1753,-0.051000000000000004,-0.075,1.066,2.94,-2.38,7.28
374640.179910,1755,-0.063,-0.063,1.085,4.41,0.84,1.82
374640.419935,1757,-0.047,-0.031,1.081,3.43,1.33,-2.94
374640.599910,1760,-0.032,-0.031,1.122,0.42,-4.9,-0.63
374640.780013,1762,-0.047,-0.039,1.085,6.58,1.68,0.7000000000000001
374640.962106,1764,-0.052000000000000005,-0.041,1.097,3.71,-3.64,3.5700000000000003
374641.142174,1766,-0.08,0.022,1.079,4.0600000000000005,0.98,3.43
374641.320462,1768,-0.084,-0.02,1.107,1.75,4.76,-2.24
374641.500455,1770,-0.093,-0.009000000000000001,1.083,-1.96,-2.59,-1.8900000000000001
374641.679748,1772,-0.1,-0.01,1.062,1.12,-2.94,2.87
374641.861512,1774,-0.109,0.0,1.093,2.0300000000000002,-2.59,3.0100000000000002
374642.161128,1776,-0.128,-0.043000000000000003,1.099,5.46,-1.68,4.2
374642.400070,1779,0.446,0.387,1.305,59.22,31.5,-103.04
374642.580122,1782,0.315,0.162,1.0030000000000001,15.540000000000001,-2.59,-32.83
374642.762932,1784,-0.297,0.333,1.958,-27.79,16.1,50.61
374642.942111,1786,-0.276,0.14400000000000002,0.439,-60.410000000000004,-6.09,16.240000000000002
374643.119781,1788,-0.268,-0.035,0.53,13.65,-10.92,24.43
374643.420639,1790,-0.209,-0.101,1.329,27.16,-27.02,70.77
374643.600034,1793,-0.10200000000000001,0.093,0.195,0.49,-38.78,-22.82
374643.780517,1795,0.14300000000000002,-0.184,1.201,-11.34,39.410000000000004,-4.13
374643.961382,1797,0.278,0.331,0.892,44.59,134.26,2.52
374644.141697,1799,-0.08700000000000001,-0.065,1.18,34.58,-4.41,3.22
374644.320425,1801,0.021,0.062,1.08,4.0600000000000005,-1.82,0.91
374644.499982,1803,-0.007,-0.002,1.085,1.68,-3.5700000000000003,0.84
374644.741712,1805,0.007,0.01,1.083,-6.58,-2.38,1.05
374644.920316,1808,0.025,0.023,1.086,2.8000000000000003,-2.45,0.28
374645.100022,1810,0.021,0.013000000000000001,1.083,2.1,-2.87,0.49
374645.280425,1812,0.01,0.013000000000000001,1.078,3.5700000000000003,-3.0100000000000002,0.35000000000000003
374645.460293,1814,0.002,0.01,1.083,1.61,-2.59,0.56
374645.642474,1816,0.01,0.014,1.086,0.07,-2.38,0.63
374645.820576,1818,0.015,0.016,1.084,0.56,-2.52,0.63
374645.999953,1820,0.008,0.015,1.082,2.17,-2.73,0.56
374646.179816,1822,0.004,0.015,1.082,1.96,-2.66,0.49
374646.360647,1824,0.012,0.014,1.078,1.26,-2.73,0.56
374646.541379,1826,0.009000000000000001,0.012,1.078,1.19,-2.66,0.56
374646.720745,1828,0.009000000000000001,0.013000000000000001,1.081,1.12,-2.73,0.56
374646.900212,1830,0.009000000000000001,0.018000000000000002,1.089,2.73,-2.66,0.56
374647.080104,1832,0.006,0.016,1.088,5.95,-2.59,0.35000000000000003
374647.259864,1834,0.015,-0.029,1.1,-23.03,-4.48,-18.41
374647.440342,1836,-0.17,0.108,1.11,-28.0,14.0,23.38
374647.621790,1838,1.381,-1.562,1.853,-173.74,24.57,308.98
374647.799762,1840,-0.47100000000000003,1.811,1.0010000000000001,-9.24,-16.17,93.66
374647.979737,1842,-0.354,0.028,1.052,22.400000000000002,-7.0,-2.45
374648.160162,1844,0.502,0.924,1.548,122.01,43.89,272.74
374648.340627,1846,1.322,-0.753,2.0340000000000003,34.160000000000004,20.79,-134.33
374648.521522,1848,-0.123,-0.273,2.112,23.17,-9.73,-20.72
374648.699968,1850,0.186,-0.035,1.372,-50.050000000000004,-45.22,78.89
374648.879994,1852,-0.263,0.186,-0.965,-45.5,-26.88,-45.29
374649.060058,1854,0.097,1.058,0.403,50.120000000000005,1.19,-101.36
374649.241680,1856,-0.014,0.293,2.17,4.62,97.58,87.85000000000001
374649.720809,1858,0.076,-0.032,1.244,-32.9,-26.18,11.69
374649.900265,1863,-0.07100000000000001,0.23,1.423,-25.62,-52.15,-6.72
374650.082253,1865,0.0,0.022,0.9590000000000001,15.05,52.78,-13.65
374650.260303,1867,-0.09,0.164,0.888,38.85,-121.10000000000001,-63.07
374650.439901,1869,-0.121,-0.067,1.043,-41.300000000000004,29.19,-17.080000000000002
374650.620698,1871,0.383,-0.28800000000000003,1.02,-118.86,-58.1,41.58
374650.799971,1873,0.066,-0.621,0.774,65.52,69.65,-1.4000000000000001
374651.040523,1875,-0.189,-0.161,0.621,137.27,309.12,7.07
374651.220734,1878,-1.085,0.201,-0.461,-8.68,-95.06,9.66
374651.400747,1880,-1.01,0.122,0.162,-8.47,-6.37,-11.55
374651.701959,1882,-1.002,0.08600000000000001,0.178,11.83,-26.46,12.530000000000001
374651.880045,1885,-0.354,0.121,0.902,5.74,318.66,11.76
374652.059865,1887,0.39,0.111,1.055,-15.120000000000001,-316.75,13.72
374652.240155,1889,0.909,0.04,0.47300000000000003,1.96,-225.68,-3.5
374652.420773,1891,1.0050000000000001,0.063,0.036000000000000004,3.22,-65.87,8.120000000000001
374652.601355,1893,0.981,0.009000000000000001,-0.051000000000000004,7.0,15.68,-1.26
374652.779840,1895,1.0,0.002,0.017,4.9,13.23,5.95
374652.959848,1897,0.9440000000000001,-0.026000000000000002,0.42,12.67,229.25,8.96
374653.140544,1899,0.556,0.003,0.93,9.17,174.02,7.5600000000000005
374653.320543,1901,0.06,0.036000000000000004,1.116,3.5700000000000003,161.35,4.48
374653.501320,1903,-0.448,0.019,0.9520000000000001,-8.4,166.88,-0.49
374653.739735,1906,-0.9460000000000001,-0.03,0.42,-3.0100000000000002,117.18,-1.75
374653.920814,1908,-1.032,-0.036000000000000004,0.023,0.0,79.59,-0.42
374654.220584,1910,-1.032,-0.04,0.019,-0.63,-15.4,-0.77
374654.401909,1913,-0.793,-0.018000000000000002,0.5760000000000001,2.87,-280.49,13.16
374654.580320,1915,-0.369,0.006,1.024,-11.41,-225.54,0.42
374654.759847,1917,0.134,-0.051000000000000004,1.098,30.87,-103.67,1.19
374654.939877,1919,0.246,0.046,1.111,-58.38,30.52,9.03
374655.121800,1921,0.166,-0.484,1.09,-262.64,26.6,41.160000000000004
374655.302505,1923,0.037,-0.873,0.47900000000000004,-69.37,23.31,7.7700000000000005
374655.479686,1925,-0.042,-0.434,0.881,-265.81,31.080000000000002,8.47
374655.660208,1927,-0.078,-0.047,1.059,25.55,-16.17,1.75
374655.902603,1930,0.125,-0.181,1.211,58.24,85.12,9.73
374656.080223,1932,-0.098,-0.259,0.963,11.55,17.29,4.34
374656.261779,1934,-0.209,-0.088,1.11,-45.78,10.71,-27.86
374656.439654,1936,-0.117,-0.28700000000000003,0.918,7.07,-22.89,-2.1
374656.620807,1938,-0.062,-0.078,1.014,71.19,-28.7,22.89
374656.801160,1940,-0.163,-0.026000000000000002,1.075,26.11,39.2,11.06
374656.980535,1942,-0.043000000000000003,-0.038,0.983,7.21,-8.540000000000001,-5.8100000000000005
374657.160055,1944,0.007,-0.039,1.081,0.91,-1.96,1.47
374657.340042,1946,0.002,-0.027,1.078,1.54,-2.87,0.35000000000000003
374657.520820,1948,-0.006,-0.029,1.084,1.47,-2.66,0.35000000000000003
374657.700762,1950,-0.004,-0.029,1.085,1.54,-2.73,0.56
374657.880672,1952,-0.005,-0.028,1.082,1.61,-2.73,0.42
374658.059942,1954,-0.007,-0.027,1.081,1.54,-2.8000000000000003,0.42
374658.240049,1956,-0.004,-0.027,1.081,1.47,-2.87,0.56
374658.420898,1958,-0.006,-0.028,1.081,1.54,-2.73,0.42
374658.600774,1960,-0.006,-0.027,1.079,1.47,-2.8000000000000003,0.56
374658.782441,1962,-0.006,-0.027,1.082,1.47,-2.8000000000000003,0.56
374658.959896,1964,-0.005,-0.027,1.079,1.47,-2.66,0.56
374659.139866,1966,-0.006,-0.027,1.079,1.68,-2.73,0.56
374659.319944,1968,-0.005,-0.028,1.082,1.54,-2.66,0.49
374659.502114,1970,-0.005,-0.027,1.08,1.54,-2.73,0.56
374659.680253,1972,-0.005,-0.025,1.084,1.4000000000000001,-2.8000000000000003,0.56
374659.860113,1974,-0.005,-0.027,1.08,1.47,-2.66,0.63
374660.040233,1976,-0.005,-0.026000000000000002,1.08,1.47,-2.73,0.49
374660.219954,1978,-0.006,-0.024,1.082,1.61,-2.73,0.56
374660.399951,1980,-0.005,-0.026000000000000002,1.08,1.47,-2.73,0.56
374660.582535,1982,-0.006,-0.027,1.081,1.47,-2.8000000000000003,0.56
374660.760579,1984,-0.008,-0.027,1.079,1.61,-2.8000000000000003,0.49
374660.940466,1986,-0.003,-0.028,1.081,1.4000000000000001,-2.87,0.63
374661.119985,1988,-0.007,-0.025,1.079,1.47,-2.8000000000000003,0.49
374661.300466,1990,-0.005,-0.025,1.081,1.54,-2.8000000000000003,0.56
374661.481028,1992,-0.015,-0.022,1.084,1.96,-2.73,0.49
374661.660820,1994,-0.003,-0.034,1.082,1.68,-2.66,0.63
374661.840054,1996,-0.006,-0.025,1.081,1.4000000000000001,-2.66,0.49
374662.020067,1998,-0.005,-0.025,1.08,1.47,-2.66,0.56
374662.200274,2000,-0.004,-0.028,1.083,1.47,-2.73,0.63
374662.381765,2002,-0.008,-0.027,1.081,1.47,-2.8000000000000003,0.56
374662.560802,2004,-0.007,-0.024,1.081,1.61,-2.87,0.63
374662.739990,2006,-0.005,-0.027,1.083,1.47,-2.87,0.56
374662.920091,2008,-0.005,-0.026000000000000002,1.079,1.54,-2.8000000000000003,0.49
374663.100896,2010,-0.004,-0.025,1.078,1.4000000000000001,-2.73,0.56
374663.280340,2012,-0.006,-0.026000000000000002,1.081,1.47,-2.87,0.63
374663.460525,2014,-0.004,-0.026000000000000002,1.081,1.47,-2.73,0.63
374663.639921,2016,-0.005,-0.027,1.082,1.61,-2.8000000000000003,0.49
374663.820121,2018,-0.006,-0.027,1.08,1.47,-2.87,0.49
374664.000413,2020,-0.007,-0.025,1.081,1.54,-2.73,0.56
374664.180015,2022,-0.007,-0.025,1.082,1.47,-2.73,0.56
374664.360350,2024,-0.005,-0.028,1.082,1.4000000000000001,-2.73,0.63
374664.540033,2026,-0.005,-0.027,1.081,1.47,-2.73,0.56
374664.720105,2028,-0.005,-0.027,1.08,1.61,-2.73,0.56
374664.900154,2030,-0.005,-0.027,1.081,1.61,-2.73,0.49
374665.080008,2032,-0.007,-0.026000000000000002,1.082,1.61,-2.73,0.49
374665.260746,2034,-0.006,-0.026000000000000002,1.08,1.61,-2.73,0.56
374665.440157,2036,-0.005,-0.025,1.078,1.61,-2.59,0.42
374665.620188,2038,-0.006,-0.026000000000000002,1.079,1.54,-2.66,0.49
374665.800077,2040,-0.004,-0.026000000000000002,1.079,1.33,-2.73,0.56
374665.980028,2042,-0.006,-0.025,1.081,1.61,-2.8000000000000003,0.56
374666.160897,2044,-0.003,-0.024,1.074,1.26,-2.87,0.7000000000000001
374666.340014,2046,-0.006,-0.028,1.08,1.47,-3.0100000000000002,0.7000000000000001
374666.520067,2048,-0.005,-0.026000000000000002,1.08,1.47,-2.59,0.56
374666.699828,2050,-0.005,-0.025,1.084,1.4000000000000001,-2.73,0.56
374666.880040,2052,-0.007,-0.026000000000000002,1.081,1.54,-2.73,0.49
374667.179959,2055,-0.005,-0.027,1.081,1.47,-2.8000000000000003,0.49
374667.360185,2057,-0.007,-0.025,1.078,1.47,-2.87,0.49
374667.541210,2059,-0.006,-0.028,1.08,1.54,-2.73,0.56
374667.720069,2061,-0.004,-0.027,1.081,1.47,-2.87,0.49
374667.899902,2063,-0.005,-0.025,1.082,1.68,-2.8000000000000003,0.42
374668.080202,2065,-0.006,-0.027,1.08,1.54,-2.59,0.56
374668.260703,2067,-0.008,-0.023,1.082,1.54,-2.73,0.49
374668.499931,2070,-0.004,-0.025,1.078,1.68,-2.87,0.56
374668.679939,2072,-0.005,-0.026000000000000002,1.081,1.54,-2.87,0.56
374668.980096,2074,-0.004,-0.025,1.08,1.61,-2.73,0.56
374669.160501,2077,-0.005,-0.025,1.081,1.47,-2.8000000000000003,0.42
374669.341404,2079,-0.006,-0.026000000000000002,1.082,1.54,-2.73,0.56
374669.520159,2081,-0.004,-0.025,1.078,1.54,-2.8000000000000003,0.56
374669.700170,2083,-0.006,-0.025,1.079,1.47,-2.8000000000000003,0.49
374669.879949,2085,-0.005,-0.027,1.083,1.54,-2.8000000000000003,0.42
374670.060287,2087,-0.005,-0.027,1.081,1.47,-2.66,0.49
374670.240619,2089,-0.005,-0.025,1.08,1.4000000000000001,-2.8000000000000003,0.56
374670.420017,2091,-0.004,-0.025,1.081,1.33,-2.8000000000000003,0.49
374670.600013,2093,-0.006,-0.027,1.08,1.54,-2.8000000000000003,0.56
374670.780042,2095,-0.006,-0.025,1.079,1.47,-2.8000000000000003,0.49
374670.960386,2097,-0.005,-0.027,1.082,1.54,-2.8000000000000003,0.56
374671.141365,2099,-0.006,-0.027,1.081,1.54,-2.66,0.49
374671.320106,2101,-0.005,-0.026000000000000002,1.08,1.47,-2.73,0.49
374671.500135,2103,-0.005,-0.026000000000000002,1.079,1.47,-2.66,0.49
374671.680020,2105,-0.005,-0.025,1.082,1.47,-2.73,0.49
374671.860269,2107,-0.007,-0.027,1.081,1.26,-2.66,0.42
374672.040610,2109,-0.005,-0.027,1.081,1.54,-2.73,0.56
374672.220365,2111,-0.003,-0.028,1.079,1.4000000000000001,-2.73,0.56
374672.400030,2113,-0.005,-0.026000000000000002,1.081,1.54,-2.8000000000000003,0.49
374672.640649,2115,-0.007,-0.027,1.08,1.61,-2.73,0.63
374672.820764,2118,-0.005,-0.027,1.081,1.54,-2.73,0.56
374672.999832,2120,-0.004,-0.025,1.081,1.54,-2.87,0.56
374673.179915,2122,-0.005,-0.025,1.083,1.61,-2.8000000000000003,0.49
374673.360232,2124,-0.005,-0.025,1.081,1.54,-2.66,0.42
374673.540622,2126,-0.005,-0.026000000000000002,1.08,1.54,-2.73,0.42
374673.720467,2128,-0.006,-0.027,1.08,1.54,-2.8000000000000003,0.56
374673.900050,2130,-0.004,-0.027,1.08,1.54,-2.87,0.49
374674.080149,2132,-0.004,-0.024,1.081,1.33,-2.73,0.56
374674.260344,2134,-0.006,-0.025,1.084,1.61,-2.8000000000000003,0.49
374674.440390,2136,-0.007,-0.028,1.083,1.54,-2.59,0.49
374674.621451,2138,-0.004,-0.025,1.082,1.61,-2.73,0.42
374674.920917,2140,-0.007,-0.026000000000000002,1.08,1.4000000000000001,-2.73,0.49
374675.100040,2143,-0.003,-0.024,1.08,1.61,-2.66,0.56
374675.280062,2145,-0.005,-0.026000000000000002,1.081,1.54,-2.8000000000000003,0.49
374675.460748,2147,-0.004,-0.026000000000000002,1.08,1.47,-2.73,0.63
374675.640541,2149,-0.006,-0.027,1.079,1.54,-2.73,0.49
374675.820579,2151,0.0,-0.004,1.014,1.47,1.8900000000000001,9.52
374676.000065,2153,-0.008,-0.036000000000000004,1.055,1.4000000000000001,-3.7800000000000002,0.42
374676.180135,2155,0.027,-0.035,1.207,0.07,-20.86,-8.120000000000001
374676.360236,2157,0.027,0.007,1.127,10.36,-4.97,0.91
374676.540343,2159,-0.007,0.032,1.121,-11.13,-2.0300000000000002,3.29
374676.780124,2162,-0.003,0.027,1.1280000000000001,-11.83,-9.1,-1.47
374676.960059,2164,-0.009000000000000001,-0.04,1.028,-23.59,-16.45,-0.77
374677.140199,2166,0.049,-0.027,1.04,5.6000000000000005,-13.3,-2.52
374677.320968,2168,0.067,-0.018000000000000002,1.05,15.75,2.94,-7.21
374677.500472,2170,0.101,-0.046,1.035,-14.63,-10.64,11.69
374677.679969,2172,0.14100000000000001,-0.089,1.057,-11.48,-13.51,12.32
374677.860047,2174,0.08600000000000001,-0.105,1.159,-10.85,16.73,1.12
374678.040072,2176,0.048,-0.096,1.0070000000000001,-12.74,-1.75,2.59
374678.220417,2178,0.064,-0.11800000000000001,1.067,-22.400000000000002,-3.85,8.47
374678.400140,2180,0.096,-0.362,0.932,10.57,2.1,-2.17
374678.580087,2182,0.059000000000000004,-0.217,1.046,3.43,-5.74,-3.7800000000000002
374678.760107,2184,0.08,-0.259,1.028,-3.5700000000000003,-2.52,3.29
374678.940046,2186,0.04,-0.245,1.029,0.35000000000000003,-2.45,-0.28
374679.120438,2188,0.055,-0.268,1.072,-0.35000000000000003,-1.96,1.19
374679.300351,2190,0.039,-0.247,0.9380000000000001,2.52,-3.0100000000000002,-0.98
374679.480101,2192,0.105,-0.361,0.46,-0.42,-16.94,-1.47
374679.660192,2194,-0.005,0.078,0.994,-5.11,7.91,-29.54
374679.840262,2196,0.114,-0.152,1.093,32.55,-6.65,16.17
374680.020202,2198,0.017,0.08,1.439,35.21,-1.4000000000000001,37.03
374680.200455,2200,0.001,0.106,1.348,-2.59,-11.97,8.4
374680.379865,2202,-0.008,0.038,1.19,-6.51,-5.11,1.33
374680.560613,2204,-0.035,0.079,1.09,-1.47,-7.0,-1.54
374680.740094,2206,-0.018000000000000002,0.049,1.051,1.96,-9.17,0.42
374680.920345,2208,-0.012,0.065,1.085,-0.7000000000000001,-6.23,0.49
374681.100324,2210,-0.016,0.06,1.108,2.87,0.14,1.61
374681.280109,2212,-0.044,0.25,1.667,29.12,24.990000000000002,-24.36
374681.460140,2214,-0.14200000000000002,0.28700000000000003,0.964,36.54,42.35,-36.68
374681.639872,2216,-0.034,0.053,0.754,-11.55,-51.31,18.13
374681.820310,2218,0.04,0.018000000000000002,0.928,-26.46,-14.07,23.38
374682.000624,2220,0.07200000000000001,-0.14100000000000001,1.038,-26.32,2.24,21.490000000000002
374682.180099,2222,-0.036000000000000004,-0.293,0.833,6.58,18.34,-5.11
374682.359998,2224,0.042,-0.221,1.037,14.77,-18.06,-0.07
374682.539999,2226,0.017,-0.23,1.083,1.12,5.67,-3.99
374682.719907,2228,0.021,-0.20400000000000001,1.086,-0.77,-4.83,1.26
374682.900681,2230,0.012,-0.189,1.043,-2.52,-6.16,-2.24
374683.080379,2232,-0.001,-0.193,1.037,5.95,7.0,-2.0300000000000002
374683.259941,2234,0.13,-0.302,0.045,6.93,19.67,-36.61
374683.439914,2236,-0.16,-0.026000000000000002,1.363,20.79,12.74,1.54
374683.620150,2238,-0.095,-0.01,1.245,31.220000000000002,2.73,30.03
374683.800450,2240,-0.107,0.081,1.281,-8.33,-23.94,20.16
374683.980485,2242,-0.101,0.022,1.329,-4.13,2.1,1.75
374684.160109,2244,-0.106,0.054,1.063,5.04,15.610000000000001,-2.94
374684.340044,2246,-0.08700000000000001,0.013000000000000001,1.1460000000000001,11.41,4.83,-6.86
374684.520096,2248,-0.109,0.004,1.081,1.33,4.69,0.7000000000000001
374684.700566,2250,-0.047,-0.115,1.1,-11.97,-44.660000000000004,-0.42
374684.883100,2252,0.033,-0.025,1.06,3.92,-1.82,0.28
374685.059982,2254,-0.005,-0.027,1.083,1.19,-2.73,0.98
374685.240019,2256,-0.002,-0.027,1.084,1.47,-2.87,0.42
374685.420025,2258,-0.009000000000000001,-0.024,1.079,1.4000000000000001,-2.87,0.56
374685.600138,2260,-0.054,-0.058,1.078,15.26,-7.42,5.11
374685.781290,2262,-0.023,-0.022,1.074,0.63,-1.8900000000000001,1.4000000000000001
374685.960187,2264,0.07100000000000001,0.008,1.198,16.87,-8.82,17.71
374686.139991,2266,-0.02,0.10300000000000001,1.262,17.85,7.7,7.49
374686.320168,2268,-0.052000000000000005,0.132,0.864,-2.31,-7.3500000000000005,-3.5700000000000003
374686.620046,2271,-0.021,0.012,1.085,-4.62,-7.42,2.8000000000000003
374686.800180,2273,0.029,-0.018000000000000002,1.065,-4.62,-2.31,0.07
374686.980851,2275,0.01,0.036000000000000004,1.0210000000000001,12.040000000000001,3.22,-1.54
374687.160112,2277,0.023,0.027,1.075,5.11,-2.73,4.0600000000000005
374687.340937,2279,0.152,0.164,1.891,-1.96,-21.7,-32.34
374687.520180,2281,-0.017,0.132,0.808,-34.44,-6.44,12.81
374687.700154,2283,-0.055,0.055,0.8250000000000001,-4.55,2.1,19.11
374687.880804,2285,0.039,-0.074,0.893,-2.38,18.41,16.59
374688.060110,2287,-0.10200000000000001,-0.114,0.91,-1.4000000000000001,0.77,3.7800000000000002
374688.240013,2289,-0.048,-0.106,1.123,-0.98,4.2700000000000005,7.42
374688.420052,2291,-0.052000000000000005,-0.126,1.01,2.8000000000000003,-1.82,1.26
374688.600281,2293,-0.034,-0.093,1.151,3.99,-2.87,-0.7000000000000001
374688.780692,2295,-0.062,-0.132,1.039,0.63,3.43,2.0300000000000002
374688.960565,2297,-0.085,-0.109,1.056,1.33,-3.29,1.33
374689.139994,2299,-0.079,-0.097,1.099,0.28,-0.21,2.45
374689.380260,2301,-0.096,-0.112,1.048,5.25,-0.35000000000000003,-3.43
374689.560826,2304,-0.10200000000000001,-0.097,-0.041,-5.25,6.51,-41.93
374689.740128,2306,0.022,-0.03,1.191,69.3,6.58,-5.18
374689.920039,2308,-0.067,0.196,1.7670000000000001,25.41,13.65,31.36
374690.099910,2310,-0.151,0.273,1.154,-8.26,-32.69,4.13
374690.280639,2312,-0.07,0.17,1.024,12.67,10.5,-0.63
374690.460612,2314,-0.044,0.134,1.028,0.07,-3.29,-0.84
374690.639955,2316,-0.056,0.157,1.018,0.7000000000000001,-0.42,-0.7000000000000001
374690.819995,2318,-0.056,0.112,1.069,-7.91,-8.82,1.75
374690.999906,2320,-0.049,0.106,1.053,-2.24,-4.0600000000000005,2.59
374691.182763,2322,-0.051000000000000004,0.098,1.051,1.4000000000000001,-1.75,1.54
374691.360477,2324,-0.077,0.14300000000000002,2.398,-24.150000000000002,8.120000000000001,-15.89
374691.540110,2326,-0.148,0.055,0.913,-40.88,-6.3,-5.8100000000000005
374691.720084,2328,-0.079,0.167,0.686,-4.69,0.14,-8.75
374691.900180,2330,-0.068,-0.14200000000000002,0.96,-22.54,-9.24,5.88
374692.080480,2332,-0.057,-0.182,0.8170000000000001,-0.28,-3.0100000000000002,0.35000000000000003
374692.261592,2334,-0.084,-0.20400000000000001,1.05,4.41,3.99,1.47
374692.440153,2336,-0.081,-0.163,1.056,7.63,-1.19,2.73
374692.620472,2338,-0.093,-0.17,1.116,3.85,-1.68,1.8900000000000001
374692.801028,2340,-0.093,-0.187,1.033,0.56,0.42,2.0300000000000002
374692.980482,2342,-0.088,-0.183,0.981,4.55,-6.0200000000000005,-1.8900000000000001
374693.161016,2344,0.041,-0.301,0.176,-36.4,-60.9,-5.32
374693.340106,2346,0.063,-0.398,1.308,74.55,51.660000000000004,3.08
374693.520066,2348,-0.095,-0.15,1.472,41.44,32.83,17.78
374693.700185,2350,-0.122,0.063,1.313,33.11,-12.950000000000001,6.72
374693.880162,2352,-0.066,0.096,1.174,26.32,2.31,-2.66
374694.060887,2354,-0.051000000000000004,0.092,1.092,-5.11,-8.96,0.14
374694.240515,2356,-0.069,0.097,1.08,-0.35000000000000003,-0.63,0.56
374694.420090,2358,-0.042,0.042,1.092,1.75,-3.5700000000000003,0.21
374694.600160,2360,-0.053,0.07,1.064,3.64,-0.63,0.91
374694.780414,2362,-0.061,0.082,1.104,-2.45,-7.49,-0.21
374694.960239,2364,-0.061,0.07100000000000001,1.075,-0.42,-4.62,-0.14
374695.140471,2366,-0.053,0.059000000000000004,1.089,0.63,-3.43,2.0300000000000002
374695.319893,2368,-0.061,0.081,1.083,-1.4000000000000001,-4.83,0.49
374695.500141,2370,-0.061,0.082,1.059,3.22,-2.45,1.8900000000000001
374695.680122,2372,-0.06,0.078,1.068,2.87,-3.29,0.98
374695.860827,2374,-0.055,0.07100000000000001,1.085,0.63,-3.0100000000000002,1.26
374696.040455,2376,-0.055,0.093,1.073,1.96,-5.11,-0.28
374696.220242,2378,-0.055,0.09,1.086,0.21,-4.13,0.42
374696.400222,2380,-0.084,0.08600000000000001,1.164,17.080000000000002,4.2700000000000005,-6.65
374696.580153,2382,-0.106,0.191,1.215,-18.06,-10.64,-17.990000000000002
374696.760692,2384,-0.065,0.127,1.0210000000000001,-17.36,-15.47,-8.4
374697.060599,2386,-0.045,0.052000000000000005,1.1500000000000001,-4.2,-6.51,-17.29
374697.240675,2389,-0.019,0.004,1.018,-15.96,0.56,2.0300000000000002
374697.420174,2391,-0.01,-0.037,1.0090000000000001,-12.950000000000001,-0.91,5.6000000000000005
374697.660658,2393,-0.01,-0.123,1.029,-12.040000000000001,-1.4000000000000001,7.7700000000000005
374697.841215,2396,-0.066,-0.196,0.928,-1.75,8.26,4.69
374698.020023,2398,-0.042,-0.233,1.093,4.41,-7.140000000000001,-3.15
374698.200140,2400,-0.048,-0.11900000000000001,1.059,5.39,-5.11,2.45
374698.380072,2402,-0.049,-0.136,1.098,1.4000000000000001,0.07,0.91
374698.560533,2404,-0.061,-0.128,1.122,-2.59,-4.41,4.9
374698.742419,2406,-0.067,-0.134,1.045,2.17,-0.91,2.94
374698.922801,2408,-0.081,-0.14,1.073,0.42,-1.82,3.08
374699.099927,2410,-0.082,-0.149,1.092,-1.75,-4.41,1.96
374699.280176,2412,-0.063,-0.188,1.107,-0.84,-3.64,2.38
374699.460182,2414,-0.073,-0.125,1.077,-0.14,-2.24,0.84
374699.640647,2416,-0.061,-0.152,1.044,-1.96,-7.140000000000001,1.54
374699.820556,2418,-0.064,-0.168,1.078,0.28,-6.0200000000000005,1.33
374700.000206,2420,-0.005,-0.314,0.498,-2.45,-59.71,-23.73
374700.180143,2422,0.026000000000000002,-0.091,1.033,15.4,3.08,-8.96
374700.360101,2424,-0.036000000000000004,0.084,1.163,35.07,10.36,6.3
374700.541830,2426,0.055,-0.029,1.091,25.62,-6.3,11.76
374700.722936,2428,0.05,0.074,1.207,7.91,5.39,10.36
374700.902200,2430,-0.036000000000000004,0.043000000000000003,1.226,0.21,-2.1,2.59
374701.080360,2432,-0.079,0.11,1.063,-2.59,4.9,5.11
374701.260333,2434,-0.08700000000000001,0.111,1.072,4.9,-0.56,0.63
374701.440357,2436,-0.083,0.06,1.049,-20.72,10.290000000000001,2.66
374701.621397,2438,-0.049,0.012,1.114,-20.93,-28.7,-0.56
374701.800117,2440,-0.085,0.003,1.175,-3.0100000000000002,-8.33,-0.28
374701.980105,2442,-0.061,0.015,1.04,-3.29,-6.23,0.21
374702.160078,2444,0.023,-0.008,1.102,-14.42,-24.71,0.28
374702.460103,2446,0.003,-0.053,1.112,6.23,-5.25,-0.84
374702.640138,2449,-0.016,-0.032,1.078,1.33,-2.66,0.49
374702.820823,2451,-0.006,-0.027,1.083,1.4000000000000001,-3.08,0.28
374703.000247,2453,-0.005,-0.033,1.08,2.0300000000000002,-2.73,0.56
374703.179897,2455,0.0,-0.034,1.082,1.47,-2.73,0.63
374703.360153,2457,0.003,-0.031,1.08,1.33,-2.73,0.56
374703.540010,2459,-0.002,-0.032,1.08,1.54,-2.73,0.49
374703.720940,2461,-0.002,-0.032,1.079,1.68,-2.73,0.56
374703.900168,2463,-0.001,-0.035,1.08,1.54,-2.59,0.56
374704.079997,2465,0.0,-0.032,1.083,1.54,-2.94,0.49
374704.260379,2467,-0.002,-0.032,1.081,1.47,-2.66,0.63
374704.440200,2469,0.0,-0.032,1.08,1.47,-2.8000000000000003,0.63
374704.621536,2471,-0.004,-0.029,1.08,1.54,-2.8000000000000003,0.56
374704.800426,2473,0.001,-0.033,1.083,1.47,-2.8000000000000003,0.49
374704.980079,2475,0.002,-0.032,1.08,1.33,-2.8000000000000003,0.56
374705.160089,2477,-0.004,-0.031,1.079,1.4000000000000001,-2.87,0.42
374705.340185,2479,-0.002,-0.032,1.08,1.61,-2.87,0.56
374705.520819,2481,-0.003,-0.032,1.079,1.4000000000000001,-2.73,0.56
374705.700799,2483,0.0,-0.031,1.08,1.61,-2.8000000000000003,0.56
374705.880270,2485,0.001,-0.033,1.082,1.47,-2.73,0.49
374706.060249,2487,-0.004,-0.033,1.084,1.54,-2.59,0.49
374706.240103,2489,-0.001,-0.032,1.083,1.47,-2.73,0.56
374706.420265,2491,0.0,-0.033,1.082,1.68,-2.8000000000000003,0.49
374706.600164,2493,0.0,-0.035,1.082,1.47,-2.73,0.42
374706.780031,2495,0.0,-0.029,1.078,1.33,-2.73,0.63
374706.960166,2497,-0.001,-0.033,1.081,1.54,-2.87,0.49
374707.140152,2499,0.0,-0.032,1.079,1.54,-2.8000000000000003,0.56
374707.320389,2501,-0.003,-0.031,1.082,1.47,-2.94,0.63
374707.500834,2503,-0.001,-0.033,1.079,1.4000000000000001,-2.73,0.49
374707.680187,2505,-0.008,-0.032,1.082,1.54,-2.59,0.56
374707.859982,2507,-0.014,-0.03,1.081,1.61,-2.73,0.49
374708.040172,2509,0.004,-0.031,1.081,1.4000000000000001,-2.73,0.42
374708.220354,2511,0.003,-0.031,1.08,1.12,-2.59,0.56
374708.401206,2513,-0.007,-0.031,1.081,1.68,-2.8000000000000003,0.49
374708.580020,2515,0.001,-0.03,1.075,1.61,-2.73,0.56
374708.760099,2517,-0.003,-0.033,1.081,1.4000000000000001,-2.73,0.49
374708.940038,2519,-0.013000000000000001,-0.028,1.078,1.8900000000000001,-2.66,0.7000000000000001
374709.120197,2521,-0.003,-0.032,1.077,1.33,-2.59,0.49
374709.300814,2523,-0.001,-0.033,1.08,1.4000000000000001,-2.73,0.42
374709.480129,2525,-0.004,-0.031,1.079,1.82,-2.8000000000000003,0.56
374709.659907,2527,0.0,-0.033,1.082,1.54,-2.8000000000000003,0.42
374709.839900,2529,-0.002,-0.03,1.08,1.33,-2.73,0.56
374710.020057,2531,0.001,-0.035,1.083,1.4000000000000001,-2.73,0.49
374710.200757,2533,-0.002,-0.031,1.082,1.61,-2.73,0.42
374710.380604,2535,0.001,-0.032,1.081,1.4000000000000001,-2.8000000000000003,0.49
374710.560519,2537,-0.011,-0.032,1.086,1.47,-2.73,0.49
374710.740062,2539,0.001,-0.035,1.078,1.4000000000000001,-2.73,0.42
374710.920613,2541,0.004,-0.029,1.079,1.61,-2.87,0.28
374711.100858,2543,0.004,-0.031,1.076,1.68,-2.73,0.49
374711.280597,2545,0.002,-0.034,1.082,1.47,-2.73,0.56
374711.460154,2547,-0.005,-0.031,1.083,1.4000000000000001,-2.73,0.49
374711.640147,2549,-0.003,-0.032,1.079,1.33,-2.73,0.49
374711.820009,2551,0.0,-0.033,1.078,1.4000000000000001,-2.73,0.49
374712.000829,2553,0.0,-0.028,1.078,1.47,-2.73,0.56
374712.180917,2555,-0.003,-0.033,1.079,1.61,-2.87,0.49
374712.359937,2557,-0.003,-0.032,1.081,1.4000000000000001,-2.8000000000000003,0.56
374712.540107,2559,0.056,-0.016,1.037,1.47,-2.73,0.91
374712.720080,2561,-0.056,-0.023,1.083,-2.1,-3.5,-1.54
374712.900939,2563,-0.008,-0.044,1.074,-0.42,-1.68,1.96
374713.080224,2565,0.046,-0.04,1.08,1.33,-2.45,0.56
374713.260505,2567,-0.025,-0.03,1.081,0.56,-2.94,0.0
374713.500585,2569,-0.024,-0.029,1.083,1.05,-2.38,0.7000000000000001
374713.681136,2572,0.012,-0.035,1.08,1.4000000000000001,-2.66,0.49
374713.860117,2574,0.018000000000000002,-0.031,1.078,1.19,-2.73,0.35000000000000003
374714.040312,2576,-0.005,-0.031,1.084,1.54,-2.87,0.49
374714.340096,2579,0.02,-0.039,1.082,1.61,-2.66,0.56
374714.581946,2582,0.009000000000000001,-0.034,1.08,1.05,-2.59,0.63
374714.760212,2584,0.001,-0.028,1.08,1.61,-2.8000000000000003,0.42
374714.940164,2586,-0.018000000000000002,-0.028,1.083,1.33,-2.8000000000000003,0.42
374715.120102,2588,-0.019,-0.032,1.079,1.33,-2.59,0.7000000000000001
374715.300033,2590,0.005,-0.034,1.078,1.4000000000000001,-2.66,0.42
374715.480801,2592,0.04,-0.034,1.077,1.61,-3.0100000000000002,0.07
374715.660347,2594,-0.013000000000000001,-0.011,0.967,0.49,-3.85,0.28
374715.840047,2596,0.009000000000000001,-0.047,1.117,2.66,-1.19,0.84
374716.140398,2598,-0.004,-0.034,1.077,0.63,-2.45,0.49
374716.320356,2601,-0.007,-0.029,1.082,1.61,-2.73,0.49
374716.500120,2603,0.004,-0.027,1.081,1.4000000000000001,-2.8000000000000003,0.56
374716.681584,2605,-0.01,-0.031,1.083,1.54,-2.8000000000000003,0.49
374716.860602,2607,0.0,-0.034,1.076,1.54,-2.8000000000000003,0.56
374717.040243,2609,0.004,-0.032,1.077,1.47,-2.87,0.56
374717.220168,2611,-0.003,-0.029,1.08,1.68,-2.94,0.42
374717.400155,2613,-0.003,-0.033,1.079,1.68,-2.8000000000000003,0.49
374717.580598,2615,-0.002,-0.032,1.079,1.33,-2.8000000000000003,0.49
374717.760662,2617,0.0,-0.033,1.08,1.54,-2.73,0.49
374717.940103,2619,-0.001,-0.032,1.081,1.4000000000000001,-2.8000000000000003,0.42
374718.120300,2621,-0.002,-0.03,1.078,1.61,-2.73,0.49
374718.300436,2623,-0.002,-0.032,1.079,1.54,-2.73,0.42
374718.480490,2625,-0.001,-0.031,1.079,1.47,-2.73,0.63
374718.660807,2627,-0.002,-0.032,1.078,1.61,-2.73,0.56
374718.840156,2629,-0.001,-0.033,1.081,1.4000000000000001,-2.8000000000000003,0.56
374719.020141,2631,0.0,-0.032,1.08,1.47,-2.8000000000000003,0.49
374719.260591,2633,-0.002,-0.033,1.079,1.4000000000000001,-2.8000000000000003,0.49
374719.440086,2636,-0.002,-0.031,1.08,1.61,-2.73,0.42
374719.620152,2638,0.0,-0.035,1.08,1.68,-2.8000000000000003,0.42
374719.800112,2640,-0.003,-0.032,1.083,1.47,-2.87,0.56
374719.980161,2642,-0.003,-0.033,1.08,1.33,-2.73,0.49
374720.160995,2644,-0.001,-0.031,1.078,1.47,-2.73,0.56
374720.340170,2646,0.0,-0.033,1.081,1.47,-2.73,0.49
374720.522233,2648,0.0,-0.031,1.078,1.61,-2.73,0.49
374720.700047,2650,-0.001,-0.032,1.084,1.54,-2.8000000000000003,0.49
374720.880724,2652,-0.003,-0.034,1.082,1.54,-2.73,0.49
374721.061293,2654,-0.002,-0.031,1.082,1.47,-2.8000000000000003,0.56
374721.240709,2656,0.0,-0.033,1.079,1.54,-2.87,0.49
374721.420156,2658,0.0,-0.033,1.078,1.4000000000000001,-2.8000000000000003,0.49
374721.600188,2660,-0.001,-0.03,1.079,1.47,-2.8000000000000003,0.56
374721.780893,2662,-0.004,-0.031,1.08,1.47,-2.8000000000000003,0.56
374721.960886,2664,-0.002,-0.031,1.079,1.54,-2.73,0.49
374722.140642,2666,0.0,-0.03,1.079,1.61,-2.8000000000000003,0.42
374722.440675,2668,-0.002,-0.032,1.078,1.54,-2.8000000000000003,0.56
374722.620093,2671,-0.003,-0.032,1.078,1.47,-2.66,0.49
374722.799968,2673,0.124,-0.031,1.08,1.47,-2.8000000000000003,0.42
374722.979971,2675,0.0,-0.031,1.078,1.4000000000000001,-2.94,0.63
374723.160605,2677,-0.001,-0.033,1.082,1.68,-2.73,0.56
374723.340222,2679,-0.002,-0.034,1.08,1.4000000000000001,-2.73,0.49
374723.520124,2681,-0.004,-0.032,1.08,1.4000000000000001,-2.73,0.49
374723.760387,2683,-0.005,-0.026000000000000002,1.079,1.54,-2.66,0.56
374723.940077,2686,0.003,-0.033,1.08,1.33,-2.73,0.7000000000000001
374724.120193,2688,0.001,-0.032,1.077,1.47,-2.73,0.56
374724.300185,2690,0.0,-0.035,1.08,1.47,-2.87,0.35000000000000003
374724.480216,2692,-0.002,-0.032,1.083,1.4000000000000001,-2.73,0.49
374724.660168,2694,-0.004,-0.031,1.082,1.4000000000000001,-2.8000000000000003,0.56
374724.841045,2696,0.0,-0.032,1.081,1.68,-2.87,0.56
374725.019968,2698,0.001,-0.032,1.078,1.47,-2.8000000000000003,0.49
374725.200160,2700,-0.002,-0.03,1.081,1.26,-2.66,0.49
374725.380079,2702,-0.002,-0.032,1.081,1.61,-2.8000000000000003,0.49
374725.560306,2704,0.0,-0.032,1.078,1.4000000000000001,-2.73,0.49
374725.741233,2706,-0.004,-0.03,1.078,1.4000000000000001,-2.73,0.56
374725.920238,2708,-0.002,-0.029,1.08,1.8900000000000001,-2.8000000000000003,0.56
374726.100204,2710,0.0,-0.034,1.081,1.4000000000000001,-2.8000000000000003,0.42
374726.460269,2713,-0.001,-0.034,1.081,1.61,-2.8000000000000003,0.42
374726.641285,2716,-0.002,-0.033,1.078,1.47,-2.52,0.63
374726.820222,2718,-0.005,-0.034,1.078,1.33,-2.59,0.42
374727.000256,2720,-0.001,-0.03,1.078,1.68,-2.87,0.49
374727.179998,2722,0.0,-0.029,1.081,1.61,-2.73,0.42
374727.360593,2724,-0.005,-0.03,1.08,1.61,-2.73,0.56
374727.540414,2726,-0.003,-0.032,1.081,1.61,-2.8000000000000003,0.42
374727.720320,2728,-0.001,-0.032,1.081,1.4000000000000001,-2.8000000000000003,0.42
374727.900381,2730,-0.003,-0.031,1.082,1.61,-2.66,0.56
374728.080268,2732,-0.003,-0.032,1.078,1.47,-2.66,0.49
374728.260116,2734,-0.002,-0.033,1.082,1.61,-2.66,0.49
374728.440952,2736,0.008,-0.034,1.081,1.26,-2.52,0.7000000000000001
374728.620451,2738,-0.035,0.003,1.092,-0.14,-4.13,0.56
374728.800109,2740,0.11900000000000001,-0.022,1.057,-1.12,-3.29,5.88
374728.980105,2742,0.10300000000000001,-0.017,1.5,-9.450000000000001,-16.94,-4.69
374729.160176,2744,-0.024,0.097,1.1380000000000001,2.1,3.92,-17.29
374729.341150,2746,0.017,-0.062,1.118,-16.31,11.83,-12.040000000000001
374729.520422,2748,-0.058,-0.059000000000000004,0.996,-16.240000000000002,18.34,4.48
374729.700352,2750,-0.07,-0.137,1.0090000000000001,-24.22,-22.26,14.700000000000001
374729.880152,2752,-0.123,-0.191,0.993,-20.23,6.72,1.47
374730.060150,2754,-0.09,-0.202,0.97,2.94,-3.85,-4.41
374730.240659,2756,-0.1,-0.20500000000000002,1.061,2.31,-10.5,-4.76
374730.420865,2758,-0.092,-0.163,1.113,6.23,-1.26,2.1
374730.600123,2760,-0.10200000000000001,-0.233,1.0110000000000001,1.47,-4.2700000000000005,2.87
374730.780117,2762,-0.117,-0.176,1.004,3.5700000000000003,-10.22,-3.64
374730.960177,2764,-0.058,-0.165,0.362,-14.49,-80.43,-0.42
374731.140075,2766,-0.061,0.001,1.28,23.38,12.81,-3.43
374731.320975,2768,-0.041,-0.116,1.044,38.85,13.09,14.07
374731.500453,2770,-0.07,-0.096,1.458,6.65,7.63,19.88
374731.680122,2772,-0.075,0.0,1.244,-5.18,-22.68,-7.28
374731.860136,2774,-0.065,0.001,1.056,-6.72,-2.73,-2.45
374732.040010,2776,-0.066,-0.015,1.048,-2.73,-3.7800000000000002,-0.56
374732.220969,2778,-0.043000000000000003,-0.023,1.119,-4.13,-6.93,-1.54
374732.400597,2780,0.66,-0.037,1.309,7.140000000000001,-22.89,-9.17
374732.580196,2782,-0.094,0.058,1.124,-27.09,-45.36,88.76
374732.760268,2784,-0.435,0.048,1.065,-1.26,-10.43,43.68
374732.940210,2786,-0.056,-0.11800000000000001,1.104,3.08,11.200000000000001,0.07
374733.120458,2788,0.021,-0.098,1.067,2.45,9.73,-0.98
374733.301051,2790,0.014,-0.112,1.061,-4.2,-8.4,0.42
374733.480269,2792,0.008,-0.11,1.071,3.5700000000000003,-0.14,2.0300000000000002
374733.660012,2794,-0.6930000000000001,0.025,1.133,13.58,12.67,-13.3
374733.840180,2796,-0.279,0.052000000000000005,0.9390000000000001,28.77,25.2,-65.87
374734.020798,2798,0.123,-0.02,1.166,-3.15,-8.33,-47.32
374734.200576,2800,0.28500000000000003,-0.022,1.115,11.200000000000001,1.26,-33.6
374734.380169,2802,0.079,0.004,1.122,8.05,-11.48,-11.620000000000001
374734.560194,2804,-0.034,-0.051000000000000004,1.1,-1.19,-12.25,4.9
374734.740209,2806,-0.07200000000000001,-0.035,1.081,4.34,-2.17,6.23
374734.920694,2808,-0.076,-0.034,1.031,1.12,-11.27,-2.38
374735.101913,2810,-0.04,-0.074,2.2560000000000002,5.8100000000000005,-31.92,-27.650000000000002
374735.280162,2812,-0.149,0.052000000000000005,0.552,-29.330000000000002,-53.27,-18.69
374735.460215,2814,-0.051000000000000004,0.058,0.705,-35.77,8.05,16.94
374735.640742,2816,-0.023,-0.267,0.8,-13.23,-10.92,1.82
374735.820657,2818,-0.005,-0.281,1.044,10.78,2.24,1.54
374736.000821,2820,-0.032,-0.188,1.052,9.1,3.7800000000000002,-4.62
374736.180554,2822,-0.005,-0.25,1.06,-7.7700000000000005,-1.19,0.77
374736.360203,2824,-0.036000000000000004,-0.195,0.892,-10.64,4.41,1.68
374736.660195,2827,-0.004,-0.332,0.989,56.77,7.28,16.38
374736.840327,2829,-0.136,0.047,1.387,31.01,-16.87,28.63
374737.020010,2831,-0.061,-0.031,1.7650000000000001,26.740000000000002,-34.300000000000004,14.0
374737.201222,2833,0.07,-0.075,0.916,38.99,87.85000000000001,-10.5
374737.380187,2835,-0.015,0.004,1.042,-2.52,-3.64,4.69
374737.560273,2837,-0.012,-0.015,1.099,10.01,5.95,2.1
374737.740449,2839,-0.022,0.004,1.084,-3.99,-5.25,0.0
374737.920537,2841,-0.023,0.0,1.101,0.21,-3.7800000000000002,0.21
374738.100340,2843,-0.026000000000000002,-0.006,1.1,0.35000000000000003,-1.26,1.26
374738.280641,2845,-0.03,-0.007,1.073,0.56,-3.92,1.75
374738.460171,2847,-0.026000000000000002,0.198,1.109,192.15,2.73,-18.62
374738.640177,2849,-0.039,0.518,0.84,84.42,-2.31,-13.09
374738.820182,2851,-0.074,0.8300000000000001,0.686,83.23,-37.1,-7.5600000000000005
374739.000406,2853,-0.075,0.904,0.492,53.480000000000004,15.47,-6.86
374739.180764,2855,-0.116,0.9380000000000001,0.332,59.5,4.83,1.68
374739.360158,2857,-0.11800000000000001,1.006,0.232,46.34,2.31,5.39
374739.540257,2859,-0.136,1.018,0.07200000000000001,18.41,-4.9,-0.28
374739.720357,2861,-0.108,0.968,0.068,4.2700000000000005,-1.19,-2.31
374739.901158,2863,-0.12,0.996,0.065,0.21,-3.7800000000000002,0.0
374740.080669,2865,-0.115,0.974,0.075,-0.14,-2.87,0.98
374740.260114,2867,-0.113,0.988,0.069,-3.22,-3.29,0.0
374740.440789,2869,-0.115,1.0010000000000001,0.079,-1.82,-4.69,1.68
374740.620135,2871,0.41200000000000003,0.601,0.844,271.85,5.74,61.67
374740.801138,2873,0.058,-0.846,0.659,-75.60000000000001,11.9,3.7800000000000002
374740.980843,2875,-0.007,-0.8130000000000001,0.635,-11.13,3.29,3.64
374741.160229,2877,-0.015,-0.803,0.623,4.0600000000000005,-4.2700000000000005,1.61
374741.340100,2879,-0.017,-0.8300000000000001,0.639,3.43,-2.94,0.63
374741.520165,2881,-0.008,-0.8320000000000001,0.672,0.91,-4.2700000000000005,-2.94
374741.700289,2883,-0.012,-0.812,0.638,4.97,-1.05,0.35000000000000003
374741.940148,2885,-0.123,-0.39,0.614,-135.47,52.99,-13.51
374742.120162,2888,-0.004,1.052,0.273,31.43,22.96,-6.09
374742.300344,2890,-0.021,0.978,0.163,9.94,0.63,2.87
374742.481309,2892,-0.013000000000000001,0.966,0.2,2.38,-1.68,-1.4000000000000001
374742.660212,2894,-0.022,1.006,0.198,-0.63,-2.66,-1.12
374742.840160,2896,-0.004,0.975,0.18,-33.6,-9.94,0.14
374743.020010,2898,0.097,0.467,0.735,-262.5,-16.03,-8.61
374743.200703,2900,-0.164,-0.02,1.053,-79.10000000000001,40.32,11.13
374743.381450,2902,-0.241,0.031,1.081,4.13,-12.530000000000001,4.9
374743.560694,2904,0.055,0.017,1.0050000000000001,12.530000000000001,-7.7,-2.87
374743.740177,2906,-0.078,-0.057,1.025,5.11,-3.85,3.22
374744.040226,2908,-0.019,-0.029,1.083,1.33,-2.59,0.63
374744.220282,2911,-0.003,-0.023,1.077,1.54,-2.8000000000000003,0.49
374744.400972,2913,-0.017,-0.123,0.847,-7.7700000000000005,-0.07,-1.26
374744.581037,2915,-0.029,-0.028,1.029,2.94,-7.3500000000000005,1.4000000000000001
374744.760242,2917,0.006,-0.029,1.131,1.33,-0.63,0.28
374744.940134,2919,-0.009000000000000001,-0.02,1.082,1.33,-2.66,0.63
374745.120167,2921,-0.006,-0.024,1.087,1.68,-2.8000000000000003,0.56
374745.300726,2923,-0.008,-0.024,1.08,1.4000000000000001,-2.8000000000000003,0.56
374745.480225,2925,-0.007,-0.021,1.082,1.75,-2.66,0.49
374745.660300,2927,-0.002,-0.024,1.081,1.47,-2.73,0.49
374745.840179,2929,0.0,-0.026000000000000002,1.079,1.54,-2.8000000000000003,0.56
374746.020320,2931,-0.005,-0.024,1.082,1.54,-2.8000000000000003,0.56
374746.200238,2933,-0.001,-0.028,1.082,1.47,-2.73,0.63
374746.380699,2935,-0.003,-0.024,1.081,1.4000000000000001,-2.66,0.49
374746.561394,2937,-0.003,-0.025,1.082,1.54,-2.66,0.56
374746.740086,2939,-0.003,-0.026000000000000002,1.08,1.47,-2.8000000000000003,0.56
374746.920019,2941,-0.004,-0.026000000000000002,1.078,1.47,-2.73,0.49
374747.099982,2943,-0.004,-0.027,1.083,1.47,-2.66,0.56
374747.280456,2945,-0.001,-0.026000000000000002,1.083,1.47,-2.73,0.63
374747.461623,2947,0.0,-0.025,1.082,1.47,-2.8000000000000003,0.49
374747.640185,2949,-0.005,-0.026000000000000002,1.08,1.47,-2.8000000000000003,0.49
374747.820229,2951,-0.007,-0.027,1.082,1.54,-2.73,0.49
374748.000287,2953,-0.005,-0.025,1.081,1.61,-2.73,0.56
374748.180371,2955,-0.003,-0.026000000000000002,1.083,1.61,-2.8000000000000003,0.42
374748.360684,2957,-0.006,-0.024,1.083,1.47,-2.66,0.35000000000000003
374748.540780,2959,-0.001,-0.025,1.083,1.61,-2.8000000000000003,0.56
374748.720348,2961,0.0,-0.027,1.077,1.4000000000000001,-2.66,0.49
374748.900144,2963,-0.004,-0.024,1.084,1.54,-2.73,0.56
374749.080152,2965,-0.004,-0.026000000000000002,1.081,1.54,-2.8000000000000003,0.49
374749.260872,2967,-0.002,-0.023,1.081,1.54,-2.8000000000000003,0.49
374749.440477,2969,-0.003,-0.024,1.081,1.54,-2.73,0.56
374749.620183,2971,-0.003,-0.026000000000000002,1.082,1.61,-2.8000000000000003,0.49
374749.800209,2973,-0.005,-0.026000000000000002,1.084,1.33,-2.8000000000000003,0.49
374749.980053,2975,-0.004,-0.026000000000000002,1.081,1.68,-2.8000000000000003,0.35000000000000003
374750.160720,2977,-0.002,-0.024,1.085,1.19,-2.66,0.63
374750.340744,2979,-0.005,-0.024,1.082,1.68,-2.8000000000000003,0.63
374750.520179,2981,-0.002,-0.028,1.083,1.54,-2.59,0.49
374750.700232,2983,0.001,-0.027,1.078,1.47,-2.8000000000000003,0.56
374750.880208,2985,-0.003,-0.026000000000000002,1.083,1.82,-2.87,0.56
374751.060414,2987,-0.003,-0.026000000000000002,1.082,1.26,-2.59,0.56
374751.240221,2989,-0.006,-0.025,1.078,1.47,-2.73,0.56
374751.420184,2991,-0.002,-0.025,1.083,1.75,-2.73,0.63
374751.600281,2993,-0.004,-0.029,1.08,1.47,-2.8000000000000003,0.42
374751.780286,2995,-0.003,-0.025,1.079,1.54,-2.73,0.63
374751.960234,2997,-0.005,-0.028,1.08,1.47,-2.66,0.56
374752.140957,2999,-0.001,-0.026000000000000002,1.082,1.33,-2.8000000000000003,0.56
374752.320205,3001,-0.001,-0.021,1.082,1.61,-2.66,0.49
374752.500358,3003,-0.004,-0.024,1.082,1.47,-2.8000000000000003,0.56
374752.680183,3005,-0.002,-0.027,1.081,1.68,-2.73,0.42
374752.860202,3007,-0.005,-0.024,1.082,1.47,-2.87,0.56
374753.041251,3009,-0.005,-0.023,1.08,1.47,-2.8000000000000003,0.42
374753.220257,3011,-0.002,-0.023,1.079,1.61,-2.87,0.56
374753.400222,3013,-0.004,-0.021,1.085,1.68,-2.94,0.56
374753.580046,3015,-0.003,-0.025,1.085,1.61,-2.87,0.56
374753.760333,3017,-0.004,-0.023,1.081,1.68,-2.73,0.49
374753.940820,3019,-0.003,-0.024,1.08,1.61,-2.8000000000000003,0.63
374754.120475,3021,-0.005,-0.024,1.079,1.47,-2.66,0.49
374754.300848,3023,-0.002,-0.026000000000000002,1.081,1.54,-2.8000000000000003,0.56
374754.480128,3025,-0.004,-0.028,1.079,1.61,-2.73,0.56
374754.660164,3027,-0.002,-0.027,1.081,1.33,-2.8000000000000003,0.56
374754.840479,3029,-0.001,-0.025,1.08,1.47,-2.66,0.49
374755.020753,3031,-0.008,-0.024,1.08,1.54,-2.73,0.49
374755.199849,3033,-0.003,-0.023,1.08,1.54,-2.73,0.56
374755.380135,3035,-0.004,-0.026000000000000002,1.08,1.61,-2.73,0.49
374755.560288,3037,-0.001,-0.024,1.08,1.54,-2.8000000000000003,0.56
374755.740602,3039,-0.004,-0.024,1.08,1.4000000000000001,-2.73,0.56
374755.921129,3041,-0.003,-0.023,1.073,1.19,-2.87,0.35000000000000003
374756.100151,3043,-0.006,-0.027,1.082,1.47,-2.8000000000000003,0.49
374756.280240,3045,-0.001,-0.027,1.08,1.4000000000000001,-2.8000000000000003,0.49
374756.460250,3047,-0.004,-0.024,1.08,1.68,-2.8000000000000003,0.49
374756.640618,3049,-0.003,-0.023,1.08,1.75,-2.8000000000000003,0.49
374756.820526,3051,-0.002,-0.029,1.081,1.47,-2.73,0.42
374757.000045,3053,-0.002,-0.025,1.081,1.47,-2.73,0.63
374757.180219,3055,-0.013000000000000001,-0.022,1.078,1.33,-2.94,0.28
374757.360261,3057,0.009000000000000001,-0.029,1.079,1.05,-2.66,0.7000000000000001
374757.540130,3059,-0.005,-0.021,1.08,1.8900000000000001,-2.66,0.56
374757.721059,3061,0.041,-0.037,1.095,-9.59,-1.12,3.0100000000000002
374757.900337,3063,0.022,-0.037,1.078,2.24,-2.73,0.49
374758.080384,3065,-0.004,-0.034,1.078,2.1,-2.87,0.49
374758.260296,3067,-0.005,-0.024,1.081,1.05,-2.66,0.42
374758.440330,3069,0.0,-0.029,1.087,1.54,-2.8000000000000003,0.56
374758.621326,3071,-0.01,-0.023,1.083,1.4000000000000001,-2.73,0.56
374758.805161,3073,-0.012,-0.026000000000000002,1.08,1.8900000000000001,-2.73,0.35000000000000003
374758.980444,3075,0.001,-0.009000000000000001,1.098,1.96,-2.94,0.21
374759.160062,3077,0.006,-0.026000000000000002,1.087,1.12,-2.59,0.35000000000000003
374759.340201,3079,-0.004,-0.021,1.081,1.19,-2.73,0.42
374759.521467,3081,-0.008,-0.021,1.081,1.75,-2.94,0.42
374759.702213,3083,0.0,-0.021,1.073,2.45,-2.31,0.21
374759.880217,3085,0.014,-0.015,1.069,1.4000000000000001,-2.73,0.63
374760.060276,3087,0.0,-0.022,1.074,1.61,-2.73,0.56
374760.240363,3089,-0.008,-0.025,1.08,1.68,-2.87,0.49
374760.420486,3091,-0.006,-0.02,1.076,1.47,-2.73,0.35000000000000003
374760.600822,3093,-0.001,-0.023,1.078,1.47,-2.87,0.56
374760.780254,3095,0.001,-0.025,1.08,1.54,-2.87,0.42
374760.960208,3097,-0.005,-0.024,1.082,1.61,-2.8000000000000003,0.49
374761.140114,3099,-0.006,-0.024,1.081,1.61,-2.73,0.42
374761.320510,3101,-0.004,-0.025,1.079,1.54,-2.87,0.63
374761.500791,3103,0.0,-0.025,1.08,1.47,-2.73,0.49
374761.680222,3105,-0.002,-0.024,1.083,1.47,-2.8000000000000003,0.56
374761.860362,3107,-0.005,-0.026000000000000002,1.086,1.47,-2.8000000000000003,0.56
374762.040327,3109,-0.004,-0.026000000000000002,1.084,1.54,-2.73,0.49
374762.220801,3111,-0.004,-0.026000000000000002,1.08,1.54,-2.73,0.42
374762.400725,3113,0.0,-0.024,1.081,1.47,-2.87,0.56
374762.580096,3115,-0.005,-0.025,1.08,1.47,-2.8000000000000003,0.49
374762.760019,3117,-0.004,-0.026000000000000002,1.084,1.54,-2.73,0.42
374762.940083,3119,-0.004,-0.029,1.086,1.61,-2.87,0.7000000000000001
374763.120557,3121,-0.001,-0.026000000000000002,1.085,1.4000000000000001,-2.73,0.56
374763.301303,3123,-0.002,-0.022,1.08,1.4000000000000001,-2.73,0.56
374763.480290,3125,-0.007,-0.022,1.08,1.47,-2.73,0.56
374763.660187,3127,-0.005,-0.025,1.078,1.4000000000000001,-2.87,0.49
374763.839988,3129,-0.003,-0.025,1.081,1.54,-2.8000000000000003,0.49
374764.020576,3131,-0.001,-0.025,1.081,1.61,-2.59,0.56
374764.201144,3133,-0.004,-0.025,1.081,1.47,-2.8000000000000003,0.49
374764.380179,3135,-0.005,-0.024,1.073,1.4000000000000001,-2.24,0.56
374764.560222,3137,-0.007,0.002,1.0210000000000001,-4.34,-1.33,0.49
374764.740166,3139,0.013000000000000001,-0.005,1.07,2.17,-3.0100000000000002,0.28
374764.921562,3141,0.001,-0.04,1.078,1.47,-2.8000000000000003,0.35000000000000003
374765.101384,3143,-0.009000000000000001,-0.006,1.08,1.47,-2.8000000000000003,0.35000000000000003
374765.280645,3145,0.006,-0.035,1.076,1.96,-2.38,0.7000000000000001
374765.460204,3147,-0.011,-0.011,1.084,0.91,-2.8000000000000003,0.56
374765.640266,3149,-0.009000000000000001,-0.024,1.083,1.61,-2.8000000000000003,0.63
374765.820179,3151,0.0,-0.033,1.082,1.4000000000000001,-2.8000000000000003,0.63
374766.001313,3153,0.0,-0.02,1.083,1.54,-2.66,0.49
374766.180701,3155,-0.016,0.062,0.9420000000000001,12.950000000000001,-4.83,-4.55
374766.420185,3157,-0.026000000000000002,0.081,0.89,5.67,-4.34,-0.77
374766.600986,3160,0.008,0.116,1.284,40.11,-29.05,10.36
374766.781212,3162,0.057,0.115,1.352,14.98,5.74,-31.92
374766.960157,3164,-0.008,0.11800000000000001,0.989,-11.83,0.56,-17.29
374767.140211,3166,-0.07,0.073,1.106,-43.89,-11.48,-8.47
374767.320163,3168,0.005,0.0,0.909,-10.15,-2.94,-22.05
374767.500757,3170,0.031,-0.193,0.8170000000000001,-27.86,-1.12,-9.31
374767.681532,3172,-0.002,-0.167,0.986,-12.81,-11.69,-8.33
374767.860334,3174,0.082,-0.333,1.068,30.03,8.19,-11.83
374768.040104,3176,-0.02,-0.159,0.982,14.63,-6.93,6.09
374768.220247,3178,0.058,-0.07100000000000001,1.08,-9.59,-17.22,5.88
374768.400977,3180,0.125,-0.124,1.156,7.91,-24.150000000000002,-0.7000000000000001
374768.581240,3182,0.094,-0.08,1.069,0.84,1.75,20.37
374768.760328,3184,0.066,-0.04,1.066,8.68,-4.69,9.17
374768.940257,3186,0.10200000000000001,-0.074,1.131,4.83,-4.69,3.36
374769.120231,3188,0.09,-0.084,1.086,3.29,0.49,0.84
374769.300811,3190,0.101,-0.10200000000000001,1.063,0.63,-2.66,0.98
374769.600275,3192,0.08,-0.052000000000000005,1.078,-1.8900000000000001,-5.25,0.56
374769.782042,3195,0.107,-0.092,1.058,2.17,0.77,-1.54
374769.960540,3197,0.08600000000000001,-0.10200000000000001,1.0190000000000001,-6.58,5.74,1.26
374770.140328,3199,0.07,-0.126,1.111,8.26,-9.870000000000001,6.09
374770.381918,3201,0.041,-0.088,1.113,0.7000000000000001,6.86,8.33
374770.560662,3204,-0.01,-0.121,1.037,3.29,0.28,-5.11
374770.740191,3206,0.066,-0.061,0.342,-20.79,22.400000000000002,-18.62
374770.921253,3208,-0.006,-0.215,1.173,54.11,17.22,-19.6
374771.220232,3211,-0.037,-0.028,1.112,25.76,56.910000000000004,60.410000000000004
374771.401174,3213,-0.20400000000000001,0.23900000000000002,1.528,-23.1,-29.61,16.87
374771.580815,3215,-0.10300000000000001,0.038,1.213,6.79,-20.86,-5.67
374771.760524,3217,-0.016,-0.008,1.427,-12.81,4.55,-2.24
374771.940458,3219,0.006,0.002,1.08,0.42,-2.38,1.05
374772.120757,3221,0.012,-0.088,1.053,8.05,-3.99,-1.26
374772.300347,3223,-0.004,-0.04,1.077,0.63,-2.66,-0.56
374772.480838,3225,-0.006,-0.029,1.082,1.82,-2.8000000000000003,0.49
374772.661149,3227,0.001,-0.029,1.08,1.75,-2.73,0.49
374772.840409,3229,0.0,-0.027,1.084,1.19,-2.73,0.56
374773.020325,3231,0.007,-0.035,1.082,1.4000000000000001,-2.87,0.35000000000000003
374773.200266,3233,-0.008,-0.03,1.083,1.54,-2.8000000000000003,0.42
374773.380380,3235,-0.002,-0.03,1.08,1.47,-2.8000000000000003,0.49
374773.560598,3237,0.002,-0.03,1.078,1.47,-2.73,0.49
374773.740171,3239,0.008,-0.031,1.082,1.33,-2.87,0.42
374773.920265,3241,-0.002,-0.029,1.082,1.4000000000000001,-2.8000000000000003,0.56
374774.100364,3243,0.003,-0.035,1.083,1.68,-2.66,0.49
374774.280419,3245,0.007,-0.033,1.082,1.47,-2.73,0.56
374774.461131,3247,-0.002,-0.028,1.083,1.82,-2.87,0.49
374774.640244,3249,-0.003,-0.032,1.081,1.54,-2.8000000000000003,0.49
374774.820217,3251,0.0,-0.03,1.081,1.47,-2.73,0.42
374775.000192,3253,-0.012,-0.031,1.083,1.8900000000000001,-2.8000000000000003,0.49
374775.180164,3255,0.011,-0.036000000000000004,1.078,1.47,-2.73,0.56
374775.360662,3257,0.004,-0.028,1.081,1.26,-2.87,0.49
374775.540464,3259,-0.005,-0.032,1.08,1.54,-2.73,0.49
374775.720184,3261,0.0,-0.032,1.079,1.47,-2.8000000000000003,0.49
374775.900204,3263,0.002,-0.026000000000000002,1.085,1.47,-2.73,0.49
374776.080170,3265,0.006,-0.031,1.083,1.47,-2.8000000000000003,0.56
374776.260605,3267,0.014,-0.033,1.081,1.61,-2.8000000000000003,0.7000000000000001
374776.440643,3269,-0.015,-0.025,1.083,1.33,-2.73,0.42
374776.620198,3271,-0.003,-0.033,1.08,1.33,-2.73,0.42
374776.800236,3273,0.009000000000000001,-0.033,1.079,1.19,-2.87,0.42
374776.980122,3275,0.017,-0.042,1.082,-0.42,-2.38,1.19
374777.161211,3277,-0.005,-0.024,1.078,0.63,-2.31,0.98
374777.340577,3279,-0.002,-0.039,1.075,2.1,-2.87,0.49
374777.520149,3281,-0.002,-0.03,1.076,1.54,-2.8000000000000003,0.35000000000000003
374777.700339,3283,-0.005,-0.025,1.084,1.82,-2.87,0.42
374777.880275,3285,0.001,-0.033,1.079,1.75,-2.8000000000000003,0.49
374778.060521,3287,-0.001,-0.036000000000000004,1.078,1.33,-2.87,0.42
374778.240544,3289,0.018000000000000002,-0.041,1.087,2.52,-2.66,0.28
374778.480265,3291,0.002,-0.016,1.088,0.77,-2.73,0.28
374778.660245,3294,-0.048,0.029,0.933,-29.68,10.85,3.36
374778.841333,3296,-0.012,-0.056,1.5030000000000001,25.13,39.34,-8.120000000000001
374779.020163,3298,-0.023,0.654,0.555,319.62,-17.36,0.49
374779.200219,3300,0.008,1.006,0.183,153.93,-28.91,11.83
374779.380088,3302,0.014,0.979,-0.008,10.92,-2.52,2.73
374779.560135,3304,0.012,1.072,0.302,-276.22,20.650000000000002,7.91
374779.740866,3306,0.069,0.488,0.882,-227.99,17.990000000000002,5.32
374779.920309,3308,-0.036000000000000004,-0.023,1.087,-89.88,-4.2,-13.3
374780.100345,3310,-0.14100000000000001,-0.038,1.304,-7.7,175.21,-10.57
374780.281275,3312,-0.687,-0.088,0.5720000000000001,-0.49,214.76,1.82
374780.461966,3314,-0.98,-0.082,0.368,-16.94,-56.42,-13.16
374780.642796,3316,-0.591,0.024,0.656,27.79,-192.71,6.0200000000000005
374780.821118,3318,-0.154,0.034,1.389,-11.200000000000001,-170.8,-32.69
374781.000355,3320,0.064,0.0,0.738,29.05,-27.44,23.73
374781.180203,3322,0.0,0.018000000000000002,1.043,-7.28,-6.44,1.33
374781.360227,3324,-0.004,-0.03,1.082,-1.8900000000000001,-2.45,2.52
374781.540867,3326,-0.012,-0.001,1.089,12.530000000000001,-4.62,-1.75
374781.720828,3328,0.008,0.017,1.078,0.56,-3.0100000000000002,1.12
374781.900368,3330,0.0,0.002,1.078,8.120000000000001,-4.69,2.31
374782.080327,3332,-0.232,-0.315,0.485,8.75,-16.38,7.21
374782.260176,3334,-0.006,0.043000000000000003,1.23,-22.54,7.7700000000000005,2.24
374782.440538,3336,-0.018000000000000002,-0.013000000000000001,1.09,1.8900000000000001,-2.87,0.42
374782.740458,3339,0.007,-0.034,1.08,-0.7000000000000001,-1.82,0.91
374782.921538,3341,0.001,-0.044,1.066,5.67,-2.38,1.05
374783.100413,3343,0.001,-0.026000000000000002,1.078,-0.77,-1.54,1.75
374783.280256,3345,0.041,-0.037,1.097,-0.42,-2.45,4.55
374783.460090,3347,0.008,-0.035,1.079,0.14,-2.17,1.12
374783.640741,3349,0.052000000000000005,0.035,1.058,2.87,-4.48,-4.83
374783.820534,3351,0.024,0.003,1.058,-1.19,2.38,2.17
374784.000278,3353,0.0,-0.053,1.046,4.2700000000000005,-3.85,1.47
374784.180329,3355,-0.02,-0.007,1.098,-0.84,-1.68,-0.49
374784.360285,3357,0.005,-0.042,1.073,2.1,-2.59,0.49
374784.540523,3359,0.032,-0.053,1.112,6.09,-4.76,-2.0300000000000002
374784.721461,3361,-0.114,-0.08700000000000001,1.087,19.740000000000002,-49.63,4.69
374784.900224,3363,0.271,0.028,1.048,-1.47,-85.4,17.78
374785.080245,3365,0.554,-0.012,0.91,-2.45,-114.10000000000001,-5.18
374785.260192,3367,0.782,0.002,0.712,-2.66,-80.08,-2.52
374785.440810,3369,0.92,-0.008,0.447,-1.4000000000000001,-79.45,-3.36
374785.621395,3371,1.0230000000000001,-0.047,0.268,-6.65,-77.84,2.38
374785.800540,3373,0.991,-0.011,0.059000000000000004,5.11,-14.42,4.83
374785.980334,3375,0.93,0.067,0.042,14.42,21.63,0.84
374786.160229,3377,0.998,-0.008,0.369,22.05,134.54,4.41
374786.341145,3379,0.712,-0.037,0.912,8.82,193.13,5.67
374786.521288,3381,0.234,-0.019,1.056,11.83,120.89,2.17
374786.700336,3383,-0.054,0.114,1.027,-8.75,0.35000000000000003,-6.58
374786.880180,3385,-0.016,-0.035,1.004,0.98,-5.95,4.2
374787.060337,3387,0.0,-0.035,1.082,-2.8000000000000003,-2.1,0.07
374787.240218,3389,-0.004,-0.031,1.08,-0.07,-2.24,0.49
374787.480367,3391,0.0,-0.033,1.08,1.05,-2.59,0.63
374787.660233,3394,-0.005,-0.03,1.081,0.35000000000000003,-2.52,0.63
374787.840364,3396,0.011,-0.025,1.07,-0.49,-2.45,1.19
374788.020947,3398,-0.005,-0.027,1.08,1.82,-2.94,0.42
374788.201025,3400,-0.008,-0.033,1.081,1.82,-2.8000000000000003,0.56
374788.380269,3402,-0.001,-0.029,1.079,1.33,-2.59,0.56
374788.560253,3404,0.0,-0.03,1.081,1.26,-2.66,0.56
374788.740709,3406,0.002,-0.033,1.079,1.47,-2.73,0.56
374788.920976,3408,-0.002,-0.031,1.082,1.4000000000000001,-2.87,0.42
374789.101052,3410,0.0,-0.028,1.077,1.61,-2.66,0.56
374789.280231,3412,0.002,-0.03,1.084,1.54,-2.59,0.56
374789.460348,3414,-0.001,-0.031,1.078,1.33,-2.87,0.49
374789.640240,3416,0.001,-0.03,1.081,1.4000000000000001,-2.8000000000000003,0.56
374789.820834,3418,-0.001,-0.029,1.08,1.33,-2.8000000000000003,0.42
374790.120649,3421,-0.002,-0.029,1.08,1.47,-2.66,0.49
374790.301394,3423,0.002,-0.032,1.08,1.54,-2.8000000000000003,0.63
374790.480295,3425,0.002,-0.032,1.083,1.54,-2.66,0.56
374790.660347,3427,0.0,-0.033,1.086,1.54,-2.94,0.63
374790.840211,3429,-0.001,-0.029,1.081,1.68,-2.73,0.63
374791.020541,3431,0.003,-0.034,1.073,0.98,-2.59,0.77
374791.201530,3433,0.011,-0.034,1.079,1.68,-2.52,0.63
374791.380554,3435,0.001,-0.025,1.085,1.82,-3.08,0.49
374791.560252,3437,-0.009000000000000001,-0.038,1.082,1.96,-2.87,0.42
374791.740402,3439,0.0,-0.032,1.08,1.19,-2.66,0.49
374791.920425,3441,0.002,-0.033,1.079,1.33,-2.73,0.56
374792.101373,3443,0.003,-0.032,1.08,1.47,-2.8000000000000003,0.56
374792.280787,3445,0.002,-0.033,1.079,1.47,-2.73,0.42
374792.460317,3447,-0.005,-0.029,1.078,1.26,-2.66,0.49
